State/UT,Year,Population(Total),Literacy_rate,Area (km2),MURDER,ATTEMPT TO MURDER,CULPABLE HOMICIDE NOT AMOUNTING TO MURDER,RAPE,CUSTODIAL RAPE,OTHER RAPE,KIDNAPPING & ABDUCTION,KIDNAPPING AND ABDUCTION OF WOMEN AND GIRLS,KIDNAPPING AND ABDUCTION OF OTHERS,DACOITY,PREPARATION AND ASSEMBLY FOR DACOITY,ROBBERY,BURGLARY,THEFT,AUTO THEFT,OTHER THEFT,RIOTS,CRIMINAL BREACH OF TRUST,CHEATING,COUNTERFIETING,ARSON,HURT/GREVIOUS HURT,DOWRY DEATHS,ASSAULT ON WOMEN WITH INTENT TO OUTRAGE HER MODESTY,INSULT TO MODESTY OF WOMEN,CRUELTY BY HUSBAND OR HIS RELATIVES,IMPORTATION OF GIRLS FROM FOREIGN COUNTRIES,CAUSING DEATH BY NEGLIGENCE,OTHER IPC CRIMES,TOTAL IPC CRIMES,Tot_crimes_SC,Total crime against women,Total crimes against STs,Total crime against children,Overall Crimes,Crime Rate
A & N ISLANDS,2001,356152,81.3,8249,13,0,0,3,0,3,2,2,0,0,0,4,64,65,4,61,13,10,8,2,4,118,0,19,1,9,0,0,323,658,0,34,1,0,1386,184.7525776
ANDHRA PRADESH,2001,76210007,60.47,275045,2602,1555,136,871,0,871,1182,765,417,214,9,629,7220,16751,3051,13700,3001,788,5391,144,872,34947,420,3544,2271,5791,7,7400,34344,130089,2933,13669,512,270,278982,170.6980554
ARUNACHAL PRADESH,2001,1097968,54.34,83743,83,53,3,33,0,33,83,55,28,22,2,84,248,443,36,407,24,41,30,4,13,466,0,78,3,11,0,0,618,2342,0,180,72,0,5243,213.3031199
ASSAM,2001,26655528,63.25,78438,1356,481,40,817,0,817,1480,1070,410,532,14,687,2423,5367,350,5017,2953,374,575,46,441,5805,59,850,4,1248,0,2010,9315,36877,6,4048,0,18,81418,138.3465373
BIHAR,2001,82998509,47,94163,3643,3419,250,888,0,888,2159,518,1641,1291,147,2203,3233,9701,1050,8651,8606,946,1659,85,502,7544,859,562,21,1558,83,2406,36667,88432,1303,4489,83,83,189612,106.5464923
CHANDIGARH,2001,900635,81.94,114,15,10,6,18,0,18,56,50,6,5,0,22,364,1529,494,1035,91,26,155,2,5,95,3,24,15,36,0,6,914,3397,3,146,0,58,8397,377.1783242
CHHATTISGARH,2001,20833803,64.66,135191,880,529,45,959,0,959,207,171,36,87,19,338,4144,4812,920,3892,871,154,402,8,215,5477,70,1763,161,840,0,689,15790,38460,501,3964,486,,82898,184.6038383
D & N HAVELI,2001,220490,57.63,491,3,2,0,6,0,6,4,2,2,0,0,2,34,45,15,30,4,13,12,1,1,29,0,7,0,4,0,0,183,350,0,19,6,0,755,158.7373577
DAMAN & DIU,2001,158204,78.18,112,3,2,0,6,0,6,4,2,2,0,0,2,34,45,15,30,4,13,12,1,1,29,0,7,0,4,0,0,183,350,0,7,0,0,755,221.2333443
DELHI,2001,13850507,81.67,16579,547,510,63,381,0,381,1627,964,663,48,74,624,3029,19276,7894,11382,165,479,2183,42,50,2011,113,502,90,138,0,432,22000,54384,19,2188,0,912,130052,392.6498864
GOA,2001,1347668,82.01,3702,36,30,5,12,0,12,9,6,3,7,0,25,359,576,168,408,64,39,62,2,16,174,2,17,7,11,0,191,697,2341,1,55,0,34,5279,173.707471
GUJARAT,2001,50671017,69.14,196024,1226,537,94,286,0,286,998,857,141,327,19,991,5142,15834,5504,10330,1930,1748,1779,55,449,13760,67,756,111,3667,0,2924,50719,103419,1242,5744,309,572,223956,204.0989231
HARYANA,2001,21144564,67.91,44212,781,467,78,398,0,398,449,297,152,77,141,397,3109,6117,3022,3095,750,556,1016,37,203,4744,285,478,401,1513,0,856,15906,38759,283,3372,0,363,84482,183.3047964
HIMACHAL PRADESH,2001,6077900,76.48,55673,119,75,11,124,0,124,126,105,21,4,0,28,844,600,142,458,628,69,146,2,134,1403,10,310,14,317,0,483,6052,11499,92,880,4,82,23848,189.193636
JAMMU & KASHMIR,2001,10143700,55.52,222236,1075,1474,33,169,0,169,606,504,102,24,0,161,1345,1919,633,1286,1072,90,391,15,437,318,13,622,288,50,0,357,9046,19505,2,1646,0,28,41704,192.2868381
JHARKHAND,2001,26945829,53.56,79714,1507,866,143,567,0,567,441,279,162,636,48,647,1266,3827,754,3073,2018,283,554,23,165,2254,217,297,5,484,2,420,8777,25447,158,1851,282,41,55729,94.4376215
KARNATAKA,2001,52850562,66.06,191791,1626,1475,74,293,0,293,559,271,288,178,36,847,6394,12868,4016,8852,6686,494,2678,131,352,23285,220,1665,81,1755,0,100,47301,109098,1621,4285,276,68,231916,206.4273224
KERALA,2001,31841374,90.86,38863,472,615,111,562,0,562,183,97,86,176,13,517,4474,5441,1795,3646,8108,428,2756,239,768,19829,27,1942,81,2561,0,0,54544,103847,499,5270,83,247,213880,326.1385642
LAKSHADWEEP,2001,60650,86.66,32,1,0,0,0,0,0,0,0,0,0,0,0,1,10,0,10,1,1,0,0,2,3,0,0,0,0,0,0,17,36,0,0,0,1,82,59.3569662
MADHYA PRADESH,2001,6038023,63.74,308245,2425,2870,125,2851,0,2851,956,668,288,166,130,1764,13549,20263,4535,15728,3395,481,1413,19,1014,30895,609,7063,751,2562,0,3297,85143,181741,4212,14504,1535,1425,387552,3009.942162
MAHARASHTRA,2001,968786,76.84,307713,2839,1454,101,1302,0,1302,985,611,374,529,328,2239,15073,39866,8873,30993,6719,1542,4273,265,1208,30212,308,2823,1120,6090,1,8993,42963,171233,625,12255,238,1621,384619,17675.00769
MANIPUR,2001,2166788,70.5,22327,209,168,5,20,0,20,94,62,32,20,17,19,75,217,71,146,131,33,66,20,64,201,0,21,0,5,0,7,1097,2489,0,108,0,0,5309,114.8704903
MEGHALAYA,2001,2318822,62.56,22429,0,47,2,26,0,26,55,11,44,97,3,125,170,271,16,255,8,19,29,3,26,102,0,25,0,4,0,0,511,1687,0,66,0,0,3562,72.75245793
MIZORAM,2001,888573,88.8,21081,31,15,5,52,0,52,2,1,1,3,0,23,417,878,17,861,3,23,71,12,24,94,0,52,0,16,3,23,499,2246,1,124,10,0,5424,252.7648263
NAGALAND,2001,1990036,66.59,1483,101,39,9,17,0,17,23,6,17,11,0,129,163,258,89,169,2,20,34,2,1,37,0,6,0,0,0,19,363,1234,1,29,310,0,2766,62.00892848
ODISHA,2001,36804660,63.08,155707,987,1151,53,790,0,790,522,434,88,199,22,958,3093,5622,817,4805,1426,285,681,10,423,4367,294,1655,458,1266,0,1589,20810,46661,27,4331,0,68,100256,126.7801414
PUDUCHERRY,2001,974345,81.24,479,25,32,1,9,0,9,4,3,1,1,0,4,111,528,284,244,100,5,23,3,31,635,1,35,27,3,0,166,2324,4068,0,111,0,5,8677,417.5112511
PUNJAB,2001,24358999,69.65,50362,738,789,80,298,0,298,513,324,189,45,84,131,1902,3023,1204,1819,1,368,2621,58,63,3996,159,372,47,1128,0,2154,9204,27774,0,2249,0,123,59382,114.0194636
RAJASTHAN,2001,56507188,60.41,342239,1259,1923,63,1049,0,1049,2718,2165,553,60,40,889,7284,16939,4324,12615,11214,1026,6644,89,1092,27485,376,2878,56,5532,1,4221,62347,155185,0,11934,1023,218,331076,274.6287782
SIKKIM,2001,540851,68.81,7096,19,11,7,8,0,8,6,2,4,0,0,3,76,74,6,68,3,1,13,0,1,35,0,0,14,0,0,7,166,444,5,28,6,5,976,82.09284997
TAMIL NADU,2001,62405679,73.45,130058,1662,2204,19,423,0,423,952,607,345,158,6,672,5965,16709,4478,12231,5196,360,2139,104,980,28429,191,1773,1012,815,14,8550,76468,154801,0,6138,9,61,327686,248.0559502
TRIPURA,2001,3199203,73.19,10486,240,25,0,102,0,102,93,35,58,26,0,63,198,259,6,253,138,4,17,6,31,412,16,58,0,227,0,31,855,2801,0,536,0,0,6056,87.55305618
UTTAR PRADESH,2001,166197921,56.27,240928,7601,7964,1186,1958,0,1958,4330,2879,1451,905,38,3825,8411,27011,6189,20822,7343,3430,5363,147,812,17816,2211,2870,2575,7365,0,7129,57839,178129,0,15317,254,3709,389557,107.1788377
UTTARAKHAND,2001,8489349,71.62,53483,316,279,38,74,0,74,183,126,57,32,3,191,533,1419,374,1045,440,171,318,4,30,830,56,103,84,301,0,441,2227,8073,0,869,18,46,17822,95.09563101
WEST BENGAL,2001,80176197,68.64,88752,1594,449,581,709,0,709,875,695,180,274,421,660,426,14245,2562,11683,3095,486,1216,102,102,3658,265,954,48,3859,3,2281,25260,61563,0,8338,2,167,138955,76.78463472
A & N ISLANDS,2002,358609,81.7,8249,17,3,1,2,0,2,2,1,1,1,0,7,49,49,2,47,11,4,11,0,2,97,0,17,3,4,0,0,328,608,0,27,1,0,1269,169.543988
ANDHRA PRADESH,2002,77048317,61.07,275045,2525,1644,165,1002,0,1002,1302,854,448,197,3,648,7628,19222,3544,15678,2140,1050,6733,155,991,39839,449,3799,2024,7018,0,8691,36385,143610,3385,17075,525,333,308746,186.3895353
ARUNACHAL PRADESH,2002,1123221,55.3,83743,61,38,6,38,0,38,57,38,19,22,0,96,249,395,51,344,21,23,29,5,20,401,0,68,2,13,0,0,684,2228,0,148,87,6,4946,198.3581147
ASSAM,2002,27082016,64,78438,1253,479,55,970,0,970,1595,1276,319,473,18,607,2504,5555,496,5059,3014,558,719,57,438,4764,70,984,7,1694,0,1957,8575,36346,47,5636,39,14,80812,134.2071432
BIHAR,2002,84907474,48.3,94163,3712,3526,396,1040,0,1040,2361,744,1617,1289,141,2288,3188,10145,1131,9014,8675,1215,1811,72,600,8770,927,621,6,1577,38,2497,39145,94040,1579,6847,57,57,201626,110.7558564
CHANDIGARH,2002,915045,82.3,114,31,35,7,18,0,18,54,47,7,1,1,26,336,1647,617,1030,78,35,181,5,5,107,1,36,28,56,0,7,1111,3806,0,179,0,49,9331,415.9358283
CHHATTISGARH,2002,21271312,65.19,135191,844,453,24,992,0,992,178,154,24,144,6,326,3731,4302,889,3413,817,96,393,18,235,4484,85,1483,147,653,0,963,17576,37950,443,3747,508,733,81372,178.4093055
D & N HAVELI,2002,230411,59.3,491,11,2,0,4,0,4,9,5,4,3,0,1,38,75,38,37,5,12,10,0,2,29,0,3,0,3,0,0,142,349,0,22,0,0,786,151.4684629
DAMAN & DIU,2002,165164,79.03,112,11,2,0,4,0,4,9,5,4,3,0,1,38,75,38,37,5,12,10,0,2,29,0,3,0,3,0,0,142,349,0,6,0,0,786,211.305127
DELHI,2002,14113665,82.11,16579,531,440,68,403,0,403,1323,893,430,47,67,502,2360,16625,7434,9191,139,444,2098,46,57,1851,135,446,128,135,0,416,20876,49137,16,3543,0,697,116625,348.1519506
GOA,2002,1358447,82.42,3702,30,20,4,12,0,12,9,5,4,5,0,24,376,496,146,350,79,27,78,3,25,236,2,18,6,8,0,202,780,2440,2,104,0,31,5397,179.6168713
GUJARAT,2002,51583095,70.86,196024,1532,759,13,267,0,267,1015,807,208,804,12,1098,5327,15742,6195,9547,3665,1385,1457,46,1915,13531,62,750,104,3321,0,3258,50612,106675,1370,6178,340,710,230374,206.8022479
HARYANA,2002,21525166,68.86,44212,760,487,89,361,1,360,427,290,137,61,162,330,3048,5962,2955,3007,700,579,933,32,199,4514,256,454,1424,1565,0,955,16854,40152,227,4208,5,235,87054,186.5351468
HIMACHAL PRADESH,2002,6150833,76.38,55673,123,86,6,137,0,137,138,116,22,0,1,18,710,564,142,422,646,75,137,0,145,1476,6,326,12,234,0,482,6921,12243,91,812,3,91,25325,199.0462105
JAMMU & KASHMIR,2002,10366861,57.74,222236,1048,1240,31,192,0,192,674,596,78,42,0,163,1321,2020,664,1356,996,91,382,20,386,366,18,785,368,54,0,380,9390,19967,1,2195,6,42,42820,192.6041065
JHARKHAND,2002,27484744,54.79,79714,1488,1143,115,797,0,797,468,178,290,580,55,780,1419,4374,560,3814,2281,333,441,6,167,2294,275,411,3,588,36,416,12969,31439,125,2288,124,111,68517,114.3870942
KARNATAKA,2002,53643320,66.09,191791,1627,1576,55,292,0,292,645,300,345,178,66,972,6480,13818,4376,9442,6838,485,2764,175,437,22824,233,1648,100,1826,0,152,50508,113699,1787,3916,240,114,242153,211.9536971
KERALA,2002,32000580,91.22,38863,454,562,210,499,0,499,162,91,71,137,4,610,4624,5743,1978,3765,8090,357,2924,135,452,19033,17,2123,102,2836,0,32,55094,104200,524,6268,102,240,214804,325.6190982
LAKSHADWEEP,2002,61013,87.39,32,0,0,0,1,0,1,0,0,0,0,0,0,9,12,0,12,18,0,0,0,2,5,0,1,0,0,0,0,5,53,1,1,0,0,119,86.86673332
MADHYA PRADESH,2002,61494634,66.09,308245,2395,2864,194,2891,0,2891,964,639,325,136,142,1829,13344,20759,4845,15914,3178,507,1240,54,1053,29955,674,7118,783,3117,0,3679,94923,191799,7217,15140,2504,2329,408212,311.8955062
MAHARASHTRA,2002,98331805,77.37,307713,2768,1435,93,1352,1,1351,953,650,303,548,271,2136,14471,37606,9122,28484,6360,1468,4145,176,1269,29250,303,2686,769,5353,0,9407,42643,165462,634,11828,271,1860,370835,168.269056
MANIPUR,2002,2203622,71.17,22327,165,160,3,14,0,14,157,82,75,3,8,6,44,255,115,140,64,28,72,12,48,378,0,58,0,10,0,25,1074,2584,0,134,0,0,5594,117.2614904
MEGHALAYA,2002,2376791,63.62,22429,167,58,3,38,0,38,52,10,42,64,2,109,154,392,51,341,9,9,33,8,23,89,0,23,0,0,0,12,419,1664,0,113,2,1,3810,70.01036271
MIZORAM,2002,907232,89.05,21081,29,26,5,76,0,76,7,2,5,5,0,7,446,999,30,969,1,26,85,16,27,112,0,73,0,3,0,13,864,2820,0,86,40,0,6722,310.8355966
NAGALAND,2002,1988036,67.12,1483,100,34,5,17,0,17,27,4,23,21,0,110,128,257,81,176,5,10,21,3,6,53,0,1,0,0,0,24,292,1114,17,22,371,0,2529,56.03520258
ODISHA,2002,37283120,64.05,155707,1075,1372,58,691,0,691,523,432,91,246,30,945,2884,5268,1028,4240,1598,246,793,12,405,4947,248,1605,188,1167,0,2672,20755,47728,1195,24,0,56,101938,128.0150374
PUDUCHERRY,2002,998703,81.68,479,29,43,2,6,0,6,10,6,4,2,0,6,129,526,258,268,193,11,31,3,22,1093,5,59,26,9,0,190,2042,4437,18,4523,0,17,9416,444.2762263
PUNJAB,2002,24675665,70.24,50362,733,728,79,299,0,299,551,354,197,50,83,110,1928,2963,1267,1696,2,373,2716,39,68,4453,166,341,145,944,0,2310,9713,28794,131,103,0,161,61401,116.6898643
RAJASTHAN,2002,57637331,60.97,342239,1276,2043,68,1051,0,1051,2587,2019,568,47,33,734,6661,16313,4706,11607,7178,938,7286,63,1130,26519,399,2730,44,5691,0,4670,63787,151248,577535,2317,930,204,322447,262.4132613
SIKKIM,2002,547340,68.13,7096,13,5,2,6,0,6,9,2,7,0,0,5,66,64,5,59,15,3,48,0,2,50,0,17,0,3,0,7,170,485,1,11671,10,6,1049,88.61037015
TAMIL NADU,2002,63341763,74.11,130058,1723,2133,36,534,0,534,1001,714,287,176,25,653,5533,18755,4671,14084,4252,288,2017,121,850,25150,243,1877,1718,1052,0,10125,88680,166942,2097,36,77,135,354174,263.5575521
TRIPURA,2002,3243991,73.84,10486,201,38,1,108,0,108,128,48,80,29,0,56,192,270,51,219,180,12,20,7,40,518,16,128,0,236,0,46,849,3075,0,5868,0,0,6656,94.79064523
UTTAR PRADESH,2002,169355681,57.28,240928,6825,6283,1243,1415,1,1414,3430,2298,1132,552,59,2840,6126,22419,6353,16066,4878,2738,5026,127,643,13947,1893,2145,1887,5679,0,7313,48569,146037,7927,537,61,1826,319338,86.23094256
UTTARAKHAND,2002,8642156,72.26,53483,292,249,47,89,0,89,198,155,43,32,6,177,554,1365,374,991,342,145,312,8,40,760,66,145,97,316,1,440,2295,7976,99,12426,3,27,17604,92.2917846
WEST BENGAL,2002,81218487,69.39,88752,1444,413,540,759,0,759,831,694,137,204,646,544,348,12449,2458,9991,2461,451,1315,98,114,3112,273,964,34,4069,1,2703,25189,58962,4,885,12,175,131963,72.59677221
A & N ISLANDS,2003,361083,82.1,8249,21,4,1,2,0,2,2,2,0,2,0,7,56,60,3,57,19,3,13,0,8,110,0,9,2,7,0,0,318,644,0,10865,1,6,1352,178.3523456
ANDHRA PRADESH,2003,77895847,61.6,275045,2667,1678,147,946,0,946,1485,931,554,176,5,660,9050,23408,4521,18887,2328,1099,7581,318,1049,41545,466,4128,2286,8167,5,8515,39242,156951,3559,22,571,1463,339741,201.488277
ARUNACHAL PRADESH,2003,1149054,56.3,83743,77,20,3,31,0,31,68,51,17,37,0,60,253,370,50,320,7,28,21,7,10,427,0,43,0,14,0,0,585,2061,0,17175,66,18,4591,179.3649385
ASSAM,2003,27515328,64.8,78438,1191,485,48,1095,0,1095,1628,1351,277,471,26,523,2606,5525,406,5119,3340,611,894,58,677,4952,60,878,6,1808,0,2086,9227,38195,67,150,20,19,84638,138.8135369
BIHAR,2003,86860345,49.6,94163,3771,3540,298,985,0,985,2427,674,1753,1221,120,2463,2986,10124,1357,8767,8029,1105,1947,92,669,8884,909,688,11,1880,37,2574,37503,92263,1747,5920,56,56,198062,106.2199327
CHANDIGARH,2003,929684,82.7,114,21,15,2,18,0,18,32,28,4,3,1,12,204,1238,552,686,46,32,209,2,4,71,1,11,4,93,0,8,779,2806,1,5202,0,40,6900,301.822985
CHHATTISGARH,2003,21718008,65.72,135191,776,513,51,898,0,898,177,149,28,140,14,331,3621,4170,922,3248,703,76,412,24,151,3653,79,1481,105,601,0,1158,19315,38449,709,196,774,614,82143,177.0374152
D & N HAVELI,2003,240779,61.01,491,11,5,0,1,0,1,7,4,3,4,0,6,41,61,15,46,17,8,13,2,4,22,0,4,0,2,0,1,129,338,0,3588,23,1,745,140.3776907
DAMAN & DIU,2003,172430,79.89,112,11,5,0,1,0,1,7,4,3,4,0,6,41,61,15,46,17,8,13,2,4,22,0,4,0,2,0,1,129,338,0,24,1,6,745,196.021574
DELHI,2003,14381823,82.56,16579,485,407,65,490,0,490,1156,797,359,28,107,441,1898,15544,7445,8099,80,431,2079,43,60,1708,130,489,105,1211,0,402,20045,47404,13,9,0,516,111998,329.610509
GOA,2003,1369315,82.83,3702,34,25,6,31,0,31,14,13,1,5,0,21,257,464,132,332,47,60,106,3,18,198,2,19,7,24,0,164,739,2244,2,4190,0,57,4997,163.8775592
GUJARAT,2003,52511588,72.63,196024,1114,478,29,236,0,236,1044,859,185,338,14,1267,5844,19304,7201,12103,1824,1873,1975,275,516,12611,54,722,92,3684,0,3536,46879,103709,1165,83,241,665,228002,197.49736
HARYANA,2003,21912605,69.82,44212,702,446,76,353,0,353,388,271,117,63,190,281,2981,5591,3079,2512,639,586,900,30,122,4153,222,344,1302,1618,0,971,16654,38612,341,6284,0,287,83556,176.2090815
HIMACHAL PRADESH,2003,6224642,76.28,55673,125,74,5,126,0,126,113,96,17,8,0,19,707,627,218,409,610,63,130,3,121,1385,6,250,18,221,0,463,6937,12011,71,4069,12,109,24888,192.9588882
JAMMU & KASHMIR,2003,10594931,60.04,222236,929,1216,29,211,0,211,712,615,97,23,0,154,1526,1949,576,1373,1167,116,408,21,328,310,10,875,376,71,0,378,10424,21233,0,788,1,49,45338,200.407157
JHARKHAND,2003,28034438,56.05,79714,1482,957,109,712,0,712,487,262,225,702,37,864,1468,4155,564,3591,2481,265,479,5,147,3062,262,424,2,559,0,642,12902,32203,76,2141,108,35,69760,114.8694331
KARNATAKA,2003,54447968,66.12,191791,1506,1241,58,321,0,321,531,244,287,220,65,861,6055,14180,4296,9884,5784,495,2752,126,415,21913,194,1585,84,1704,0,172,52143,112405,1844,2216,167,116,239842,206.4448025
KERALA,2003,32160582,91.58,38863,435,448,343,394,0,394,189,102,87,142,19,634,4409,4891,1668,3223,6798,323,3061,129,413,17696,33,1947,68,2930,0,35,53487,98824,439,4455,65,179,203122,307.2829963
LAKSHADWEEP,2003,61378,88.13,32,0,0,0,2,0,2,0,0,0,0,0,0,6,8,1,7,4,0,0,0,2,1,0,1,0,1,0,0,6,31,0,6425,0,1,72,50.50669621
MADHYA PRADESH,2003,62663031,68.53,308245,2227,2413,203,2738,0,2738,887,608,279,153,141,1578,12884,20422,5262,15160,2729,549,1222,38,868,29358,648,6848,705,2938,0,3778,97751,191078,5507,0,1779,2662,406203,304.9293929
MAHARASHTRA,2003,99806781,77.91,307713,2772,1412,113,1268,0,1268,926,626,300,514,249,2096,13892,37098,9271,27827,5714,1561,5005,261,1188,29205,368,2661,682,5452,0,9378,42491,164306,697,14474,217,2001,367904,164.624085
MANIPUR,2003,2241082,71.85,22327,150,199,6,18,0,18,120,71,49,3,0,6,68,252,124,128,73,16,76,7,47,324,0,44,0,4,0,4,1120,2537,0,13117,4,36,5464,113.2042469
MEGHALAYA,2003,2436210,64.7,22429,175,60,17,40,0,40,49,10,39,83,1,133,160,360,108,252,5,12,34,4,16,106,0,13,1,4,0,41,355,1669,0,139,0,46,3787,68.50805144
MIZORAM,2003,926283,89.3,21081,46,36,3,54,0,54,8,2,6,5,0,21,487,1303,57,1246,3,19,60,12,23,142,0,88,0,3,0,11,1132,3456,0,130,0,17,8277,373.1041161
NAGALAND,2003,1986056,67.78,1483,91,34,8,14,0,14,38,3,35,19,0,92,95,221,37,184,8,3,11,7,5,48,0,4,2,0,1,41,234,976,27,24,263,0,2225,49.14262236
ODISHA,2003,37767800,65.04,155707,1044,1214,188,725,0,725,477,373,104,178,30,875,2961,5359,1076,4283,1408,254,937,11,337,4759,279,1669,188,1289,0,2497,20602,47281,17,26,484,140,101123,125.1886528
PUDUCHERRY,2003,1023669,82.12,479,29,32,0,2,0,2,18,13,5,2,0,11,126,567,295,272,159,12,32,1,18,1053,1,56,27,4,0,182,2185,4517,27,4685,0,5,9621,441.2559138
PUNJAB,2003,24996447,70.83,50362,731,644,89,380,0,380,464,295,169,30,117,108,2094,3198,1375,1823,0,343,3123,56,71,4124,110,346,199,987,0,2226,9316,28756,0,100,0,184,61554,115.0403495
RAJASTHAN,2003,58790077,61.53,342239,1262,1977,61,1050,0,1050,2238,1750,488,36,41,655,6072,16456,5491,10965,4052,902,7225,58,784,26173,389,2715,33,5733,1,5074,62592,145579,0,1914,912,240,310902,247.6251222
SIKKIM,2003,553908,69.47,7096,14,7,3,10,0,10,0,0,0,2,0,3,48,65,3,62,10,7,12,3,2,56,0,25,0,1,0,18,157,443,0,12946,6,15,961,79.97718033
TAMIL NADU,2003,64291888,74.77,130058,1591,1843,28,557,1,556,879,632,247,95,43,514,4849,18213,4581,13632,3706,307,1904,63,791,30228,220,2022,881,1555,1,9112,77784,157186,5,48,67,177,334021,244.488076
TRIPURA,2003,3289406,74.5,10486,254,87,0,114,0,114,146,29,117,36,0,69,167,276,10,266,274,3,25,3,83,534,20,127,0,247,0,109,940,3514,0,5914,0,0,7564,106.8277981
UTTAR PRADESH,2003,172573438,58.31,240928,5284,3793,1525,911,0,911,2208,1499,709,317,196,1988,4016,15751,5605,10146,2251,1746,2911,226,297,7760,1322,1098,4970,2626,0,4428,29449,95073,0,670,47,1702,209016,55.09132871
UTTARAKHAND,2003,8797714,72.91,53483,268,236,31,107,0,107,171,134,37,26,3,160,557,1368,400,968,392,138,379,8,33,687,93,136,98,317,0,362,2353,7923,0,14964,5,23,17492,90.05748539
WEST BENGAL,2003,82274326,70.15,88752,1425,400,484,1002,0,1002,902,801,101,217,883,598,342,12613,2581,10032,2596,378,1534,153,87,4172,329,1186,71,4948,1,2300,24553,61174,0,982,3,148,136865,74.35369328
A & N ISLANDS,2004,363610,82.5,8249,15,1,2,10,0,10,3,3,0,0,0,3,69,103,9,94,9,0,12,0,9,105,0,6,3,5,0,6,387,748,0,11794,1,14,1612,205.7149143
ANDHRA PRADESH,2004,78752701,62.2,275045,2579,1908,163,1016,0,1016,1526,1030,496,199,2,596,8457,23578,5042,18536,2540,898,7928,175,915,43335,512,3817,2310,8388,2,11452,36460,158756,0,36,566,1328,343632,201.5880065
ARUNACHAL PRADESH,2004,1175482,57.3,83743,67,45,1,42,0,42,65,41,24,30,2,45,215,388,75,313,65,26,34,1,19,429,0,61,0,4,0,0,717,2256,0,19006,75,22,5007,191.9212714
ASSAM,2004,27955573,65.6,78438,1214,410,63,1171,0,1171,1906,1552,354,360,31,505,2544,5866,685,5181,3615,586,865,57,379,5911,74,883,11,1945,0,2239,10040,40675,20,168,12,21,90293,145.4987168
BIHAR,2004,88858132,50.9,94163,3948,2995,280,1390,1,1389,3413,997,2416,1319,145,2986,3175,11113,2083,9030,9793,1701,2764,57,707,11231,1029,704,13,2679,35,2405,44178,108060,2646,6741,59,59,232036,121.6095787
CHANDIGARH,2004,944558,83.1,114,22,19,10,19,0,19,54,43,11,0,2,6,186,1459,653,806,43,23,135,4,0,65,6,20,18,73,0,5,720,2889,0,5818,0,66,7310,305.8573428
CHHATTISGARH,2004,22174085,66.25,135191,927,619,25,969,0,969,214,174,40,106,8,363,3720,5014,1316,3698,790,101,424,42,242,3899,71,1661,131,741,0,1717,20143,41927,698,221,676,940,90051,189.0810827
D & N HAVELI,2004,251612,62.77,491,11,4,0,7,0,7,12,7,5,3,0,2,20,53,20,33,17,12,22,0,2,35,0,5,0,3,0,8,193,409,0,3735,4,11,890,162.5518656
DAMAN & DIU,2004,180016,80.76,112,11,4,0,7,0,7,12,7,5,3,0,2,20,53,20,33,17,12,22,0,2,35,0,5,0,3,0,8,193,409,0,32,1,2,890,227.2020265
DELHI,2004,14655077,83.01,16579,481,519,80,551,0,551,1209,881,328,30,135,461,1875,18994,8873,10121,67,445,2322,44,38,1780,126,601,130,1254,0,433,22048,53623,4,8,0,766,128000,365.9004999
GOA,2004,1380268,83.24,3702,40,6,5,37,0,37,13,10,3,5,0,18,261,503,120,383,33,49,61,0,7,170,2,23,15,17,0,216,646,2127,0,4416,0,53,4807,154.100508
GUJARAT,2004,53456796,74.44,196024,1113,469,27,339,0,339,1133,905,228,360,15,1136,5828,18551,6931,11620,1599,1612,1726,122,388,12262,58,757,164,3955,0,3958,49897,105469,1309,70,241,799,230961,197.2976457
HARYANA,2004,22307031,70.79,44212,733,441,65,386,0,386,423,292,131,52,145,244,2786,6558,3735,2823,699,534,1089,32,95,4194,251,403,850,2026,0,981,16109,39096,303,7200,0,164,85559,175.2631267
HIMACHAL PRADESH,2004,6299337,76.18,55673,110,77,12,153,0,153,123,99,24,1,0,25,766,643,192,451,562,97,174,6,112,1421,8,284,16,252,0,469,7015,12326,88,4525,11,92,25571,195.6713857
JAMMU & KASHMIR,2004,10828018,62.44,222236,816,1112,29,218,0,218,735,632,103,28,0,129,1420,1939,573,1366,1116,105,414,32,320,334,9,990,264,82,0,422,10677,21191,1,790,1,35,45274,195.7052528
JHARKHAND,2004,28595126,57.33,79714,1488,1143,115,797,0,797,468,178,290,580,55,780,1419,4374,560,3814,2281,333,441,6,167,2294,275,411,3,588,36,416,12969,31439,126,2425,123,112,68517,109.9453103
KARNATAKA,2004,55264687,66.15,191791,1519,1387,57,291,1,290,592,286,306,177,109,1024,6093,16093,5185,10908,6237,423,2759,65,248,21232,259,1435,57,1588,0,277,52518,114440,1643,2621,173,189,245856,207.0761751
KERALA,2004,32321384,91.58,38863,417,391,473,480,0,480,232,142,90,129,15,639,4580,5240,1717,3523,6461,336,3755,99,374,20610,31,2260,133,3222,0,42,54106,104025,438,4822,82,341,214002,321.8457477
LAKSHADWEEP,2004,61745,88.87,32,0,0,0,0,0,0,0,0,0,0,0,0,2,5,0,5,37,0,0,1,0,6,0,0,0,1,0,0,18,70,0,7301,0,0,145,113.3695036
MADHYA PRADESH,2004,63853628,71.06,308245,2379,2563,188,2875,0,2875,832,584,248,147,134,1526,12308,22586,6148,16438,2479,548,1287,36,893,33285,751,6690,804,3436,0,4209,96911,196867,4699,1,1667,3653,420027,308.3098113
MAHARASHTRA,2004,101303881,78.45,307713,2696,1463,115,1388,0,1388,1045,787,258,629,315,2229,14659,43952,11307,32645,5980,1528,5167,218,1149,30122,314,2831,862,5646,0,9574,44420,176302,715,14275,231,2281,398989,174.0328191
MANIPUR,2004,2279180,72.54,22327,159,227,3,31,0,31,128,71,57,2,2,3,66,244,108,136,115,25,142,4,85,233,0,30,0,2,0,35,999,2535,0,14010,0,31,5473,111.2242122
MEGHALAYA,2004,2497114,65.79,22429,124,42,7,54,0,54,54,18,36,91,2,81,142,418,138,280,2,25,44,2,15,123,2,34,0,5,0,51,434,1752,0,171,0,0,4030,70.16099385
MIZORAM,2004,945734,89.55,21081,35,21,2,20,0,20,15,0,15,10,0,6,250,610,0,610,2,30,20,6,22,80,0,66,0,0,0,0,320,1515,0,175,0,0,3675,160.1930353
NAGALAND,2004,1984069,69,1483,70,33,5,18,0,18,23,4,19,14,0,117,70,255,26,229,6,11,28,0,5,52,0,3,1,0,0,34,239,984,0,26,0,1,2264,49.59504937
ODISHA,2004,38258781,66.04,155707,1066,1197,25,770,0,770,526,423,103,238,0,952,2992,5967,1401,4566,1433,271,805,14,343,4938,319,1811,170,1192,0,2652,21058,48739,1398,33,602,129,104741,127.3929768
PUDUCHERRY,2004,1049260,82.57,479,25,18,14,4,0,4,10,8,2,0,0,1,86,634,322,312,147,7,35,2,9,974,6,50,30,2,0,176,2390,4620,23,5773,0,12,9888,440.3103139
PUNJAB,2004,25321400,71.43,50362,775,716,148,390,0,390,463,311,152,17,79,86,1766,2587,1132,1455,16,313,2729,60,52,4402,113,261,38,801,0,2181,7637,25630,134,105,0,193,54700,101.218732
RAJASTHAN,2004,59965877,62.1,342239,1279,2030,59,1038,0,1038,2384,1881,503,58,46,673,5911,18842,6648,12194,3101,885,8333,65,835,25947,379,2825,41,6781,1,5579,67767,154859,596161,1906,863,403,331982,258.2452017
SIKKIM,2004,560554,70.84,7096,16,8,3,3,0,3,5,4,1,0,0,5,64,73,6,67,76,4,22,1,7,78,0,40,0,1,0,29,196,631,16,11431,22,8,1343,112.5672103
TAMIL NADU,2004,65256265,75.44,130058,1479,1772,26,618,0,618,870,692,178,72,54,464,4147,17530,3996,13534,3433,268,2121,40,662,30855,225,1861,1081,1437,0,9152,88439,166606,1156,62,13,393,352230,255.3103522
TRIPURA,2004,3335456,75.17,10486,189,36,0,160,0,160,99,54,45,27,2,46,166,260,49,211,148,17,34,12,24,452,20,134,0,302,0,85,868,3081,1,5648,12,59,6681,92.37117803
UTTAR PRADESH,2004,175852332,59.35,240928,6126,5580,1436,1397,0,1397,3337,2324,1013,378,98,2606,5299,22524,8452,14072,3915,2377,4184,188,381,11265,1708,1900,2682,4950,3,7136,40711,130181,3785,840,6,1921,287620,74.02858894
UTTARAKHAND,2004,8956072,73.56,53483,262,247,29,115,0,115,213,127,86,37,1,165,566,1597,500,1097,444,157,372,13,28,865,82,143,110,405,0,464,2319,8634,137,14258,1,57,19193,96.40386991
WEST BENGAL,2004,83343891,70.92,88752,1425,390,468,1475,0,1475,1200,1018,182,212,943,535,547,14465,2668,11797,2691,425,1686,125,103,3867,396,1566,64,6334,12,2995,27426,69350,14,782,12,206,155840,83.20945803
A & N ISLANDS,2005,366118,82.9,8249,14,3,3,4,0,4,2,1,1,0,0,4,68,92,6,86,4,8,13,0,6,79,0,11,1,5,0,3,362,682,0,12690,17,8,1462,186.2787407
ANDHRA PRADESH,2005,79618978,62.8,275045,2750,1724,111,935,1,934,1612,995,617,250,4,794,7954,23778,5465,18313,2026,948,7909,257,967,42179,443,3595,2508,8696,3,9973,37707,157123,3117,54,793,950,340571,197.3436534
ARUNACHAL PRADESH,2005,1202518,58.3,83743,81,37,5,35,0,35,58,39,19,23,0,77,263,531,119,412,23,36,28,4,13,383,0,67,0,9,0,69,562,2304,2,22304,27,22,5232,191.5979636
ASSAM,2005,28402862,66.4,78438,1194,503,117,1238,0,1238,1751,1456,295,334,22,451,2255,6369,955,5414,2760,487,873,103,423,5906,99,899,19,2206,3,2695,11299,42006,282,185,244,199,93370,147.8935468
BIHAR,2005,90901869,52.3,94163,3471,3307,259,1147,0,1147,2693,929,1764,1212,165,2374,3117,10812,2134,8678,7671,1181,1829,50,760,11939,1014,451,13,1574,74,2680,40057,97850,1824,6807,115,115,210352,107.6435513
CHANDIGARH,2005,959670,83.5,114,18,15,4,33,0,33,54,45,9,0,2,12,223,1373,579,794,43,41,161,0,1,57,3,31,9,75,0,9,969,3133,0,6543,0,57,7726,326.4663895
CHHATTISGARH,2005,22639740,65.78,135191,1013,660,41,990,0,990,246,184,62,204,25,401,3621,5600,1619,3981,893,110,431,73,214,3734,100,1450,132,732,0,2004,20959,43633,454,224,583,997,94102,192.7274783
D & N HAVELI,2005,262934,64.59,491,7,5,0,5,0,5,13,9,4,3,0,2,25,74,17,57,18,12,10,4,1,33,0,5,0,5,0,17,195,434,2,3747,1,5,960,165.0604334
DAMAN & DIU,2005,187936,81.64,112,7,5,0,5,0,5,13,9,4,3,0,2,25,74,17,57,18,12,10,4,1,33,0,5,0,5,0,17,195,434,2,16,0,5,960,230.9296782
DELHI,2005,14933522,83.47,16579,455,467,64,658,0,658,1590,1106,484,27,157,510,2093,17955,8862,9093,61,394,2378,36,47,1814,114,762,225,1324,1,634,24299,56065,21,6,0,1026,132333,375.4305247
GOA,2005,1381309,83.65,3702,45,15,5,20,0,20,17,12,5,2,0,28,265,495,185,310,45,50,58,6,12,155,2,30,8,11,0,209,641,2119,2,4725,0,53,4770,153.405212
GUJARAT,2005,54419016,76.3,196024,1033,452,27,324,0,324,1164,916,248,282,15,966,5332,17964,7083,10881,1628,1370,1541,447,320,10503,48,802,104,4090,0,4120,60882,113414,1307,70,164,836,246280,208.4087665
HARYANA,2005,22708557,71.78,44212,784,513,57,461,0,461,492,344,148,88,138,390,3437,8694,5034,3660,899,562,1204,31,119,4569,212,380,597,2075,0,1083,15879,42664,380,8216,0,374,94975,187.8763146
HIMACHAL PRADESH,2005,6374928,76.08,55673,110,79,22,141,0,141,118,102,16,6,0,22,696,696,166,530,558,82,163,6,97,1359,2,286,29,228,0,480,7165,12345,101,4549,17,131,25645,193.6492459
JAMMU & KASHMIR,2005,11066234,64.93,222236,647,905,37,201,0,201,748,658,90,13,0,116,1397,1901,504,1397,1222,117,403,29,240,355,5,830,371,76,0,462,10040,20115,1,1014,0,57,43080,181.7691547
JHARKHAND,2005,29167028,58.64,79714,1523,1084,87,753,5,748,621,283,338,592,49,732,1610,6195,1181,5014,2524,243,643,19,202,3078,257,293,36,590,4,1490,12550,35175,277,2519,332,97,77919,120.598506
KARNATAKA,2005,56093656,66.18,191791,1609,1406,80,343,0,343,589,312,277,208,119,1202,5986,17008,5920,11088,6151,434,2909,133,238,20883,261,1585,71,1883,0,243,54239,117580,1780,2850,214,191,253100,209.6137217
KERALA,2005,32482990,92.3,38863,388,341,88,478,0,478,226,129,97,110,158,621,4110,5454,1969,3485,6535,361,3261,79,456,18302,21,2339,175,3283,0,34,57530,104350,345,5440,75,386,214858,321.2450578
LAKSHADWEEP,2005,62114,89.62,32,1,0,0,0,0,0,0,0,0,0,0,0,2,7,0,7,6,0,0,0,0,4,0,0,0,0,0,0,22,42,0,7601,0,0,91,67.61760634
MADHYA PRADESH,2005,65066846,73.68,308245,2405,2512,134,2921,0,2921,847,604,243,147,130,1557,11192,20685,6390,14295,2573,613,1292,51,817,33803,739,6426,792,2989,3,4593,91951,189172,4356,5,1498,3721,402797,290.7348544
MAHARASHTRA,2005,102823439,78.99,307713,2621,1614,98,1545,0,1545,1194,851,343,641,307,2411,15615,46851,12189,34662,6779,1720,6391,385,1123,30017,341,3228,919,6233,0,9608,47386,187027,865,15299,267,2305,423644,181.8914071
MANIPUR,2005,2317925,73.23,22327,256,252,4,25,0,25,106,69,37,4,0,8,62,243,92,151,35,52,122,10,155,295,0,25,0,20,0,5,1234,2913,0,14555,26,20,6200,125.6727461
MEGHALAYA,2005,2559541,66.9,22429,134,35,2,63,0,63,48,19,29,81,1,95,148,476,116,360,42,18,39,3,70,135,1,44,0,3,0,61,381,1880,0,188,0,81,4347,73.45066948
MIZORAM,2005,965593,89.8,21081,24,24,5,37,0,37,13,0,13,3,0,6,442,777,0,777,35,11,58,5,20,77,4,49,4,0,0,4,558,2156,0,171,0,74,5139,223.2824803
NAGALAND,2005,1982084,70.24,1483,87,26,8,17,0,17,26,9,17,12,0,80,93,294,97,197,8,17,41,5,4,35,0,7,0,0,0,37,252,1049,0,33,0,0,2435,52.92409403
ODISHA,2005,38756144,67.06,155707,1079,1279,48,799,0,799,641,547,94,184,50,998,3029,6743,1626,5117,1515,301,1040,31,386,5919,334,2238,184,1671,0,3034,20182,51685,1439,34,349,86,111553,133.3595004
PUDUCHERRY,2005,1075491,83.02,479,19,24,8,6,0,6,6,3,3,1,0,5,67,466,235,231,159,8,41,0,9,857,4,60,26,6,0,224,2579,4575,14,5387,0,8,9628,425.3871023
PUNJAB,2005,25650577,72.03,50362,713,723,216,398,0,398,478,329,149,27,103,85,1933,2924,1151,1773,1,306,2934,73,55,4267,99,308,43,729,0,2283,8438,27136,140,139,0,210,58072,105.7909925
RAJASTHAN,2005,61165193,62.67,342239,1221,1920,59,993,0,993,1993,1549,444,41,79,590,5227,17898,6723,11175,2290,613,8341,88,648,22606,361,2503,28,5997,0,5872,61549,140917,542551,2167,967,580,302718,230.387567
SIKKIM,2005,567280,72.24,7096,8,16,2,18,0,18,3,2,1,2,0,4,85,81,5,76,19,4,44,2,3,99,0,38,0,4,0,53,67,552,7,12686,0,25,1206,97.30644479
TAMIL NADU,2005,66235108,76.11,130058,1440,1759,28,571,1,570,1029,783,246,73,0,437,3738,15851,3583,12268,2551,239,2694,40,495,31725,215,1764,665,1650,0,8902,86494,162360,1206,47,24,288,342171,245.1267989
TRIPURA,2005,3382151,75.84,10486,121,56,1,162,0,162,85,43,42,22,0,61,170,325,62,263,148,32,59,16,35,429,34,161,1,439,0,188,811,3356,38,4641,9,28,7284,99.22679384
UTTAR PRADESH,2005,179193525,60.42,240928,5711,5637,1520,1217,0,1217,2955,2256,699,286,89,2049,4556,20695,8647,12048,3926,2524,4556,261,398,10379,1564,1835,2881,4505,0,7406,37158,122108,4397,964,11,1801,269083,68.1430872
UTTARAKHAND,2005,9117280,74.22,53483,279,202,30,133,0,133,203,125,78,48,0,159,521,1630,533,1097,433,144,396,22,24,745,63,100,89,272,0,462,2078,8033,99,15677,1,76,18032,88.107418
WEST BENGAL,2005,84427361,71.7,88752,1453,434,408,1686,0,1686,1207,1039,168,211,1221,426,739,12124,2435,9689,2635,528,1760,107,92,4125,446,1572,54,6936,61,2737,25444,66406,12,1034,7,236,147829,78.65459635
A & N ISLANDS,2006,368644,83.3,8249,4,4,1,6,0,6,5,5,0,0,0,5,82,101,6,95,10,3,15,4,9,78,0,14,4,7,0,2,322,676,0,16432,1,9,1464,183.3747464
ANDHRA PRADESH,2006,80494788,63.4,275045,2766,1860,123,1049,1,1048,2030,1329,701,178,3,679,8304,23510,5313,18197,2916,1007,8363,324,1012,47946,519,4534,2411,9164,0,11489,43722,173909,3891,80,753,1386,374407,216.0500131
ARUNACHAL PRADESH,2006,1230175,59.3,83743,60,33,3,37,0,37,75,51,24,28,0,74,257,451,74,377,6,61,38,9,20,415,1,63,2,14,0,82,565,2294,0,21796,32,27,5151,186.4775337
ASSAM,2006,28857307,67.2,78438,1207,414,32,1244,0,1244,1825,1544,281,319,12,544,2911,7820,1362,6458,2684,461,905,98,488,5290,105,1290,10,2548,0,3022,10444,43673,282,175,49,252,98235,151.3412184
BIHAR,2006,92992611,53.7,94163,3249,3303,326,1232,0,1232,2619,1084,1535,1001,140,2169,3531,11752,2023,9729,8259,1054,2171,97,785,12674,1188,530,53,1689,42,2860,39941,100665,2043,8082,66,66,216933,108.2505362
CHANDIGARH,2006,975024,83.9,114,12,21,8,19,0,19,65,57,8,1,3,34,189,1234,529,705,44,59,232,3,5,55,10,20,13,102,0,14,983,3126,2,7335,0,64,7570,320.6074927
CHHATTISGARH,2006,23115174,66.31,135191,1098,825,15,995,0,995,239,178,61,160,24,439,3507,5262,1623,3639,905,137,507,33,262,6722,103,1598,143,717,1,2239,19246,45177,444,135,615,1238,96850,195.4430453
D & N HAVELI,2006,274765,66.46,491,9,0,1,6,0,6,18,14,4,5,0,5,41,61,13,48,8,30,10,1,5,35,1,5,1,5,0,16,172,435,2,3943,3,15,955,158.3171073
DAMAN & DIU,2006,196204,82.53,112,9,0,1,6,0,6,18,14,4,5,0,5,41,61,13,48,8,30,10,1,5,35,1,5,1,5,0,16,172,435,1,25,3,3,955,221.7080182
DELHI,2006,15217258,83.92,16579,476,510,75,623,0,623,1442,1066,376,14,200,541,1950,17498,9366,8132,87,442,2313,42,33,1818,137,718,144,1728,0,367,26805,57963,21,9,0,2160,135489,380.903051
GOA,2006,1392359,84.06,3702,39,17,1,21,0,21,16,10,6,7,0,17,252,494,223,271,63,35,55,9,38,170,0,18,7,14,0,233,698,2204,4,3859,0,54,4939,158.2925093
GUJARAT,2006,55398557,78.2,196024,1165,471,24,354,0,354,1128,945,183,290,12,970,5530,18475,7188,11287,1534,1246,1529,196,321,10685,50,736,138,4977,0,4339,66802,120972,995,116,156,977,261901,218.3666986
HARYANA,2006,23117310,72.78,44212,873,585,59,608,0,608,635,431,204,104,224,410,4001,10518,6300,4218,1142,750,1424,35,156,5135,255,486,491,2254,0,1350,19014,50509,408,8564,0,462,112779,218.4899541
HIMACHAL PRADESH,2006,6451426,75.98,55673,111,78,20,113,0,113,130,109,21,7,0,29,754,812,214,598,566,137,129,4,115,1261,3,275,31,259,0,499,7760,13093,94,5052,2,136,27241,202.9473794
JAMMU & KASHMIR,2006,11309690,67.52,222236,487,854,40,250,0,250,789,723,66,10,0,112,1351,1937,554,1383,1197,123,463,35,203,376,10,960,347,135,0,222,10886,20787,1,976,0,85,44550,183.7981412
JHARKHAND,2006,29750368,59.98,79714,1492,1078,97,799,0,799,635,410,225,536,45,779,1428,6173,1146,5027,2650,319,833,34,178,3055,281,414,44,668,5,1154,13667,36364,333,2289,268,112,80335,122.2304208
KARNATAKA,2006,56935060,66.21,191791,1627,1484,68,400,0,400,563,328,235,202,247,1349,5967,14901,5759,9142,6183,471,2910,139,268,19488,244,1683,38,2129,0,534,56815,117710,1730,2740,205,276,251284,206.7443154
KERALA,2006,32645404,92.67,38863,393,347,87,601,0,601,294,202,92,129,125,691,4245,5431,2014,3417,6365,299,3316,68,435,19105,25,2543,222,3708,0,49,56777,105255,364,5747,88,553,216836,322.4190456
LAKSHADWEEP,2006,62485,90.38,32,0,2,0,0,0,0,0,0,0,0,0,0,2,17,1,16,12,0,0,0,4,5,0,0,0,1,0,0,37,80,0,7906,1,0,177,128.0307274
MADHYA PRADESH,2006,66303115,76.4,308245,2309,2370,138,2900,0,2900,808,617,191,151,121,1770,10960,21733,7552,14181,2308,519,1522,38,815,34709,764,6243,762,2989,0,4823,95959,194711,4214,4,1501,3939,414863,293.6679521
MAHARASHTRA,2006,104365790,79.54,307713,2656,1680,100,1500,1,1499,1261,921,340,663,323,2574,15877,46473,12741,33732,7453,1726,6234,317,1188,29407,387,3479,984,6738,1,10933,49834,191788,1053,14866,239,2841,432810,183.7651974
MANIPUR,2006,2357329,73.93,22327,205,265,4,40,0,40,130,79,51,2,27,8,55,290,105,185,60,40,82,9,109,296,0,42,0,10,0,3,1207,2884,0,15485,1,54,6228,122.3418539
MEGHALAYA,2006,2623529,68.03,22429,157,42,8,74,0,74,57,25,32,57,4,65,140,470,135,335,7,16,83,7,28,138,6,57,0,13,0,68,438,1935,0,211,0,71,4471,73.75561696
MIZORAM,2006,955869,90.06,21081,25,19,7,72,0,72,6,1,5,7,0,10,422,758,60,698,0,30,78,10,25,72,0,51,0,1,0,26,454,2073,0,205,0,35,4982,216.8707218
NAGALAND,2006,1980101,71.5,1483,123,46,8,23,0,23,31,3,28,16,0,84,70,327,113,214,7,18,37,10,16,50,0,3,2,3,0,28,201,1103,0,34,0,14,2587,55.70422923
ODISHA,2006,39259973,68.09,155707,1159,752,36,985,0,985,704,577,127,239,76,1184,3120,6567,1571,4996,1535,313,1364,16,371,6226,457,2415,247,694,12,2945,21375,52792,1153,28,,154,113840,134.467744
PUDUCHERRY,2006,1102377,83.47,479,30,24,3,9,0,9,18,13,5,2,0,3,84,560,320,240,194,6,36,2,22,927,3,56,39,19,0,209,2441,4687,14,5804,,25,9961,425.1721507
PUNJAB,2006,25984033,72.64,50362,817,898,165,442,0,442,591,418,173,35,90,142,2277,3946,1561,2385,3,281,3393,66,68,5104,130,314,60,801,2,2919,9524,32068,184,163,,329,69115,123.4142521
RAJASTHAN,2006,62388496,63.25,342239,1209,1694,79,1085,0,1085,1970,1553,417,37,97,631,5085,17889,7276,10613,1767,694,10191,56,551,21296,394,2582,31,7038,3,6234,61379,141992,545877,2643,,951,304928,227.5932409
SIKKIM,2006,574086,73.67,7096,21,16,2,20,0,20,8,7,1,0,0,9,84,113,8,105,12,10,37,1,1,96,0,14,0,6,0,39,214,703,2,14046,,35,1547,122.4555206
TAMIL NADU,2006,67228633,76.79,130058,1363,1599,20,457,0,457,906,718,188,95,4,450,3300,13651,2877,10774,1838,194,2116,63,460,14067,187,1179,852,1248,0,10792,94131,148972,991,53,,353,312958,221.5901073
TRIPURA,2006,3429500,76.52,10486,154,52,1,189,0,189,105,62,43,18,1,71,182,392,31,361,154,23,84,12,35,464,35,207,0,471,0,199,1091,3940,14,6219,,41,8566,114.8855518
UTTAR PRADESH,2006,182598201,61.5,240928,5480,4997,1543,1314,0,1314,3318,2551,767,218,86,2024,4577,20447,9621,10826,3774,2509,5142,278,299,10412,1798,2096,2714,5204,0,7235,41536,127001,4960,1067,,1767,279081,69.55216388
UTTARAKHAND,2006,9281390,74.88,53483,274,215,40,147,0,147,212,183,29,31,2,157,470,1696,525,1171,489,95,514,14,39,854,80,153,113,358,0,524,1935,8412,68,20141,,51,18879,90.63297631
WEST BENGAL,2006,85524916,72.48,88752,1425,672,401,1731,0,1731,1355,1199,156,177,1263,426,601,12532,2714,9818,2385,519,1947,135,111,6299,445,1837,63,7414,1,3039,23274,68052,13,1086,,432,151722,79.56979461
A & N ISLANDS,2007,371187,83.7,8249,15,19,1,3,0,3,12,9,3,5,0,9,90,112,8,104,17,7,23,1,11,99,1,21,2,18,0,4,337,807,0,20779,,10,1741,217.4106313
ANDHRA PRADESH,2007,81380230,64.03,275045,2665,1885,135,1070,0,1070,2097,1564,533,170,6,614,7677,24391,6183,18208,1998,869,8103,224,1176,46122,613,4406,3316,11335,0,12629,43586,175087,3383,91,,1499,377732,215.1468483
ARUNACHAL PRADESH,2007,1258469,60.3,83743,68,29,2,48,0,48,68,44,24,16,0,75,240,513,116,397,16,41,33,10,22,375,0,72,1,20,0,82,555,2286,0,23224,,4,5201,181.6492897
ASSAM,2007,29319023,68,78438,1374,451,109,1437,0,1437,1971,1471,500,299,12,496,2603,7754,1982,5772,2601,653,895,115,380,5175,100,789,10,3000,0,2875,12183,45282,126,164,,167,101726,154.4458013
BIHAR,2007,95131440,55.2,94163,3034,3113,257,1555,0,1555,2530,1260,1270,686,78,1787,3259,11795,2392,9403,7962,1326,2358,79,865,16288,1172,853,12,1635,56,3789,44931,109420,2786,9644,675,675,234720,115.0198084
CHANDIGARH,2007,990623,84.3,114,19,26,8,22,0,22,52,46,6,2,0,37,191,1740,853,887,79,38,170,2,9,78,1,32,11,112,0,15,999,3643,0,7511,,53,9100,367.7483765
CHHATTISGARH,2007,23600592,66.85,135191,1097,747,26,982,0,982,244,181,63,115,13,427,3632,5381,1814,3567,881,150,467,64,253,6801,100,1549,111,824,0,2476,19505,45845,511,146,,1024,98297,194.2536018
D & N HAVELI,2007,287128,68.39,491,10,2,0,7,0,7,9,6,3,1,0,3,28,87,19,68,39,17,10,1,10,25,0,0,0,3,0,12,161,425,0,3976,,11,953,148.0176089
DAMAN & DIU,2007,204836,83.43,112,10,2,0,7,0,7,9,6,3,1,0,3,28,87,19,68,39,17,10,1,10,25,0,0,0,3,0,12,161,425,0,19,,3,953,207.4830596
DELHI,2007,15506385,84.38,16579,495,530,94,598,0,598,1688,1167,521,34,229,557,2055,17037,8874,8163,87,451,2336,41,31,1736,138,868,167,1787,0,252,24854,56065,24,9,,2019,131453,361.5607377
GOA,2007,1403497,84.48,3702,33,23,7,20,0,20,12,7,5,7,0,22,292,494,207,287,70,36,55,10,24,150,2,20,7,14,0,247,934,2479,0,4218,,70,5484,176.6302315
GUJARAT,2007,56395730,80.15,196024,1166,494,21,316,0,316,1312,1089,223,245,10,1095,4870,18164,8022,10142,1668,1139,1116,286,330,10989,42,822,120,5827,0,4831,68332,123195,1040,140,,1110,266182,218.4473895
HARYANA,2007,23533421,73.79,44212,911,592,72,488,0,488,801,554,247,139,266,502,4231,11047,6499,4548,1173,726,1232,33,142,5031,269,417,409,2412,0,1545,19159,51597,252,7966,,325,115530,219.2498915
HIMACHAL PRADESH,2007,6528842,75.88,55673,127,57,9,159,0,159,171,150,21,5,0,23,877,1092,264,828,649,132,212,11,141,1318,8,322,33,342,0,597,7937,14222,129,5216,,151,29866,217.8334228
JAMMU & KASHMIR,2007,115585502,70.2,222236,318,669,23,288,0,288,758,707,51,18,0,111,1460,2086,514,1572,1209,121,489,31,186,374,9,986,353,176,0,243,11535,21443,2,945,,26,46018,18.55163462
JHARKHAND,2007,30480372,61.35,79714,1617,1076,92,855,0,855,762,534,228,524,40,771,1495,7091,1784,5307,2565,448,814,19,160,3783,303,342,15,801,0,1019,13897,38489,538,2613,,74,85686,126.2747056
KARNATAKA,2007,57789084,66.24,191791,1538,1251,55,436,1,435,680,390,290,178,242,1313,5449,14351,5887,8464,5783,400,3600,124,262,18963,251,1828,28,2507,0,514,60853,120606,1844,2606,,266,256679,208.7003144
KERALA,2007,32808630,92.97,38863,367,402,92,512,0,512,255,177,78,121,157,869,4100,5609,2113,3496,7358,394,4215,54,398,18975,27,2624,262,3999,0,59,57681,108530,477,6618,,487,223436,330.7971104
LAKSHADWEEP,2007,62859,91.14,32,0,2,0,1,0,1,0,0,0,0,0,0,2,20,2,18,1,0,0,0,0,0,0,2,0,2,0,0,26,56,0,7703,,0,133,89.08827694
MADHYA PRADESH,2007,67562873,79.2,308245,2244,2423,155,3010,0,3010,922,701,221,143,109,1975,11230,22396,8915,13481,2648,531,1661,38,909,36643,742,6772,780,3294,0,5754,98007,202386,4106,1,,4290,431100,299.5520928
MAHARASHTRA,2007,105931276,80.09,307713,2693,1615,113,1451,0,1451,1312,967,345,716,405,2770,15607,47681,13895,33786,7993,1715,6235,270,1267,29622,436,3306,1039,7356,0,11946,50159,195707,1166,15716,,2707,441858,184.7490254
MANIPUR,2007,2397403,74.63,22327,240,377,2,20,0,20,150,83,67,3,146,11,70,454,150,304,70,19,93,4,63,377,0,70,0,15,0,1,1074,3259,0,14726,,49,7142,135.9387637
MEGHALAYA,2007,2689116,69.18,22429,114,49,8,82,0,82,52,22,30,55,1,56,203,500,91,409,33,17,164,12,36,124,2,45,1,19,0,68,438,2079,0,194,,71,4792,77.31165186
MIZORAM,2007,1006572,90.32,21081,43,21,4,83,0,83,4,0,4,0,0,5,457,808,64,744,1,20,66,16,38,85,0,66,0,2,0,34,330,2083,0,236,,64,5061,206.9399904
NAGALAND,2007,1978119,72.78,1483,111,50,8,13,0,13,17,6,11,7,0,75,118,360,194,166,15,13,34,8,5,52,0,8,1,0,0,43,242,1180,5,28,109,7,2750,59.65262959
ODISHA,2007,39770351,69.14,155707,1210,1105,22,939,0,939,801,660,141,247,42,1273,3073,6830,1733,5097,1983,319,1263,30,411,7478,461,2775,241,728,0,3771,19870,54872,1355,46,394,201,118314,137.972129
PUDUCHERRY,2007,1129936,83.92,479,34,42,2,9,0,9,20,14,6,1,2,8,86,787,498,289,145,6,45,1,18,904,2,89,32,17,0,267,2537,5054,25,6958,0,23,10924,447.28197
PUNJAB,2007,26321825,73.25,50362,760,893,170,519,0,519,760,545,215,37,92,138,2616,5173,2084,3089,1,329,3581,68,96,5663,133,427,48,971,0,2801,10517,35793,177,117,0,527,78038,135.9822125
RAJASTHAN,2007,63636265,63.83,342239,1303,1772,64,1238,0,1238,2177,1694,483,71,81,778,5164,19345,8258,11087,1626,825,11919,56,675,19720,439,2477,28,8170,0,7096,63846,148870,571146,2580,1110,1252,320500,233.938934
SIKKIM,2007,580974,75.12,7096,9,14,3,24,0,24,9,9,0,0,0,6,83,118,11,107,15,7,34,3,1,95,0,13,0,7,0,34,192,667,10,14309,13,31,1485,114.8072031
TAMIL NADU,2007,68237062,77.48,130058,1633,2078,28,523,0,523,1270,1097,173,88,33,495,3717,13217,2901,10316,2375,261,2510,74,653,16967,208,1540,875,1976,0,11485,110748,172754,1743,48,17,441,360518,253.1674063
TRIPURA,2007,3477512,77.2,10486,138,58,2,157,0,157,113,81,32,14,2,64,193,411,55,356,142,42,85,10,23,546,36,244,4,545,0,203,1241,4273,8,6267,6,63,9227,122.875205
UTTAR PRADESH,2007,186067566,62.6,240928,5000,4424,1616,1648,0,1648,4478,3363,1115,437,82,2169,5057,22816,10859,11957,4495,3639,8399,337,268,10694,2076,2522,2882,7650,0,7655,51914,150258,6144,1415,4,2248,329458,80.75453623
UTTARAKHAND,2007,9448454,75.55,53483,268,228,50,117,0,117,253,227,26,46,6,173,548,1593,565,1028,459,163,697,39,37,886,70,146,63,463,0,608,2686,9599,71,23188,1,101,21161,101.59334
WEST BENGAL,2007,86636739,73.27,88752,1652,877,394,2106,0,2106,1800,1590,210,146,1150,427,399,13747,2421,11326,3727,672,2406,127,121,6909,451,2281,99,9900,5,3803,27903,81102,4,1148,5,361,179857,93.61155664
A & N ISLANDS,2008,373748,84.1,8249,8,11,2,12,0,12,17,13,4,0,0,14,78,128,11,117,16,12,19,1,15,107,2,24,3,26,0,4,383,882,0,23196,3,47,1921,235.9878849
ANDHRA PRADESH,2008,82275412,64.6,275045,2690,1942,165,1257,0,1257,1970,1396,574,110,11,623,8332,25362,7297,18065,1930,990,8393,379,1021,48167,556,4730,3551,10306,0,12861,43929,179275,3998,82,750,1321,387139,217.8962045
ARUNACHAL PRADESH,2008,1287413,61.3,83743,72,37,2,42,0,42,79,47,32,14,0,79,245,445,60,385,18,43,28,1,10,479,0,72,1,13,0,104,590,2374,0,24757,63,24,5314,184.40081
ASSAM,2008,29788127,68.8,78438,1426,417,71,1438,0,1438,2239,1789,450,312,74,568,3147,8012,2101,5911,2600,680,996,91,443,6107,103,1272,2,3478,0,2259,17598,53333,104,190,130,183,118355,179.0411327
BIHAR,2008,97319462,56.7,94163,3139,2954,386,1302,0,1302,3047,1789,1258,686,60,1592,3414,13206,2675,10531,8099,1352,2741,69,772,16644,1210,999,21,1992,22,4592,54370,122669,3617,11493,766,766,262893,126.0477581
CHANDIGARH,2008,1006472,84.7,114,17,28,6,20,0,20,50,42,8,1,4,23,257,1991,1094,897,85,37,213,0,2,73,3,19,2,49,0,11,1040,3931,2,7450,0,66,9923,390.5722166
CHHATTISGARH,2008,24096204,67.39,135191,1169,736,18,978,0,978,273,216,57,124,17,500,4112,6079,2122,3957,1144,169,562,71,302,8565,106,1621,125,897,0,2800,21074,51442,384,138,424,1167,110214,213.4859084
D & N HAVELI,2008,300047,70.37,491,9,2,0,6,0,6,17,11,6,1,0,0,49,54,18,36,24,10,24,1,6,26,0,4,0,4,0,10,154,401,1,4157,10,17,879,133.6457288
DAMAN & DIU,2008,213848,84.34,112,9,2,0,6,0,6,17,11,6,1,0,0,49,54,18,36,24,10,24,1,6,26,0,4,0,4,0,10,154,401,0,29,0,4,879,187.5163668
DELHI,2008,15801005,84.84,16579,554,389,66,466,0,466,1567,1136,431,24,134,541,1926,18867,11020,7847,71,355,1493,41,41,1936,129,611,130,1387,0,726,17896,49350,34,8,0,1854,119600,312.3219061
GOA,2008,1414724,84.9,3702,49,25,11,30,0,30,36,28,8,3,0,23,302,601,238,363,102,47,105,22,27,185,2,32,12,12,0,230,886,2742,4,4475,1,80,6151,193.8187237
GUJARAT,2008,57410853,82.15,196024,1106,487,35,374,0,374,1323,1119,204,256,14,1322,5053,20715,9947,10768,1809,1167,1167,190,363,10897,27,828,122,6094,0,4934,65525,123808,229,124,223,1074,270028,215.6526049
HARYANA,2008,23957022,74.82,44212,921,616,92,631,0,631,854,644,210,120,257,555,4249,12709,7674,5035,1184,763,1150,40,139,4504,302,435,605,2435,0,1323,21460,55344,110,8095,0,269,124882,231.0136878
HIMACHAL PRADESH,2008,6607187,75.78,55673,129,59,5,157,0,157,151,137,14,6,0,20,885,1152,332,820,627,137,248,11,127,1258,3,295,41,343,0,485,7837,13976,10,5494,0,205,29412,211.5272354
JAMMU & KASHMIR,2008,11812788,73,222236,237,570,31,219,0,219,704,656,48,3,0,67,1347,2198,689,1509,1782,87,392,23,230,273,21,935,296,162,0,293,10734,20604,0,1027,0,10,44329,174.4211443
JHARKHAND,2008,31089979,62.76,79714,1697,1061,112,791,0,791,792,499,293,416,50,761,1375,7269,2165,5104,2576,269,900,24,164,2826,266,271,23,851,39,1310,14843,38686,598,2605,231,71,86224,124.4323774
KARNATAKA,2008,58655919,66.27,191791,1698,1475,81,446,0,446,758,405,353,270,248,1615,6258,17820,8960,8860,6013,424,3669,118,265,19159,259,1954,44,2638,1,572,61755,127540,2392,2664,400,388,274104,217.4375616
KERALA,2008,32972672,93.34,38863,362,434,95,568,0,568,253,166,87,91,267,816,3882,5818,1981,3837,8057,435,3659,46,389,19178,31,2745,258,4138,0,37,59061,110620,519,7488,106,549,227879,335.4899476
LAKSHADWEEP,2008,63235,91.91,32,1,0,0,2,0,2,1,1,0,0,0,0,3,8,1,7,12,0,0,0,2,12,0,0,0,1,0,0,53,95,0,9110,0,0,201,150.2332569
MADHYA PRADESH,2008,68846567,82.13,308245,2322,2282,204,2937,0,2937,929,736,193,160,124,2234,11072,24583,10533,14050,2768,570,1368,47,898,36344,805,6445,758,3185,0,6008,100513,206556,2965,0,1071,4259,441561,300.0236744
MAHARASHTRA,2008,107520244,80.65,307713,2795,1837,111,1558,0,1558,1379,998,381,811,274,3031,16004,52860,16900,35960,9388,1880,7296,405,1288,29742,390,3619,1091,7829,0,12472,50183,206243,1192,16382,268,2709,468283,191.8178311
MANIPUR,2008,2438158,75.34,22327,187,498,4,38,0,38,176,87,89,1,212,7,76,446,223,223,48,24,161,3,41,301,1,57,0,28,0,2,1038,3349,0,15391,1,89,7358,137.3577922
MEGHALAYA,2008,2756343,70.35,22429,126,55,6,88,0,88,56,25,31,63,0,65,168,669,137,532,8,32,104,10,28,204,2,54,4,32,0,64,480,2318,0,190,0,62,5449,84.09693569
MIZORAM,2008,1027709,90.58,21081,35,10,6,77,0,77,9,1,8,4,0,6,338,747,27,720,1,34,57,15,18,118,0,78,0,5,0,53,378,1989,0,258,0,22,4811,193.5372756
NAGALAND,2008,1976140,74.09,1483,143,47,13,19,0,19,44,7,37,6,0,87,127,345,182,163,4,16,31,4,14,46,0,15,1,4,0,44,192,1202,0,46,0,3,2812,60.82565
ODISHA,2008,40287365,70.21,155707,1250,1415,84,1113,0,1113,908,762,146,305,67,1345,3100,7419,1975,5444,2721,342,1244,26,869,7013,401,2782,282,1618,0,3535,18916,56755,1836,43,508,141,122950,140.8754333
PUDUCHERRY,2008,1158183,84.38,479,35,35,3,8,0,8,17,9,8,10,3,10,90,688,443,245,165,13,53,2,9,873,2,65,21,12,0,207,2668,4989,29,7161,0,26,10691,430.7609419
PUNJAB,2008,26664007,73.87,50362,769,956,146,517,0,517,718,514,204,40,122,167,2621,5563,2182,3381,1,236,3192,78,75,5597,128,388,49,984,0,2845,10122,35314,101,93,0,389,77426,132.4407093
RAJASTHAN,2008,64908989,64.42,342239,1297,1649,54,1355,0,1355,2358,1863,495,64,77,829,4736,20411,9857,10554,1390,737,12097,51,615,21117,439,2520,19,8113,0,7322,63924,151174,581100,2563,1038,1223,326472,232.9014861
SIKKIM,2008,587944,76.6,7096,9,7,3,20,0,20,4,4,0,1,0,7,81,127,9,118,17,6,46,0,23,100,0,19,0,5,0,40,215,730,17,17145,12,24,1611,124.1614848
TAMIL NADU,2008,69260617,78.17,130058,1759,2327,28,573,0,573,1375,1160,215,100,66,662,3849,15019,3722,11297,2811,231,2349,599,610,20529,207,1705,974,1648,0,12328,107084,176833,1618,40,14,666,370633,255.3153692
TRIPURA,2008,3526197,77.89,10486,155,53,2,204,0,204,146,110,36,13,3,95,218,499,43,456,197,42,92,23,47,924,16,346,4,735,0,195,1327,5336,4,5126,14,163,11521,151.3245006
UTTAR PRADESH,2008,189602849,63.72,240928,4564,4233,1493,1871,0,1871,5428,4439,989,313,76,2097,5418,25946,12064,13882,4381,4296,9327,420,228,11683,2237,2955,3374,8312,0,10102,60242,168996,8009,1515,9,4078,371237,89.13157207
UTTARAKHAND,2008,9618525,76.22,53483,223,217,40,87,0,87,247,222,25,16,2,144,423,1622,726,896,509,171,463,31,15,937,73,120,306,340,0,590,2280,8856,42,22941,0,38,19668,92.07232918
WEST BENGAL,2008,87763016,74.07,88752,1811,1732,488,2263,0,2263,2332,1907,425,184,1055,613,462,17334,2593,14741,5425,876,2938,148,150,9033,451,2396,94,13663,5,3789,38177,105419,19,1181,17,513,232767,120.1177954
A & N ISLANDS,2009,376326,84.5,8249,15,4,4,18,0,18,16,14,2,0,0,11,86,134,10,124,11,7,20,2,12,89,1,30,7,21,0,2,451,941,0,26014,2,41,2050,250.0491595
ANDHRA PRADESH,2009,83180441,65.2,275045,2449,1859,134,1188,0,1188,1958,1526,432,102,27,544,7772,24692,7804,16888,2261,904,8528,461,1039,44488,546,5147,3520,11297,0,13438,48087,180441,4504,48,830,1719,388720,216.9271981
ARUNACHAL PRADESH,2009,1307022,62.3,83743,59,33,5,59,0,59,62,28,34,20,0,55,201,381,109,272,52,38,29,8,28,526,0,58,6,13,0,110,619,2362,0,25536,21,33,5226,180.7161624
ASSAM,2009,30264737,69.6,78438,1323,417,35,1631,0,1631,2718,2092,626,251,21,680,3149,7644,1713,5931,1808,802,1098,84,476,6547,170,1342,10,4398,1,2735,17973,55313,0,171,9,,122619,182.7638548
BIHAR,2009,99557809,58.2,94163,3152,3068,243,929,0,929,3222,1986,1236,654,64,1619,3566,15221,3674,11547,8554,1186,2676,69,685,14746,1295,726,12,2532,31,4516,54165,122931,3836,11462,1016,1016,265234,123.4770042
CHANDIGARH,2009,1022575,84.1,114,22,18,8,29,0,29,40,36,4,4,3,27,241,1731,1117,614,66,38,193,4,4,63,2,26,2,51,0,7,976,3555,0,8815,0,71,8910,347.6517615
CHHATTISGARH,2009,24602224,67.94,135191,1083,732,19,976,0,976,286,229,57,134,16,554,3975,5792,2181,3611,957,166,682,68,335,9543,128,1598,152,893,0,2735,20546,51370,284,154,376,1321,109794,208.8022611
D & N HAVELI,2009,313549,72.41,491,10,5,1,4,0,4,12,9,3,9,0,2,43,63,21,42,53,17,20,1,5,23,0,2,1,3,0,17,151,442,1,4186,16,11,963,140.9668026
DAMAN & DIU,2009,217258,85.26,112,10,5,1,4,0,4,12,9,3,9,0,2,43,63,21,42,53,17,20,1,5,23,0,2,1,3,0,17,151,442,2,17,0,2,963,203.4447523
DELHI,2009,16101223,85.3,16579,552,369,84,469,0,469,2536,1655,881,36,69,515,1733,21731,13224,8507,57,333,2000,47,34,1938,141,552,118,1283,0,846,14808,50251,33,5,0,2839,125238,312.0943049
GOA,2009,1426041,85.32,3702,53,24,11,47,0,47,33,22,11,4,0,30,294,858,336,522,50,52,132,27,24,191,3,37,10,21,0,220,884,3005,3,5193,0,92,6948,210.7232541
GUJARAT,2009,58444247,84.2,196024,1020,468,30,433,0,433,1348,1162,186,246,11,1420,4488,19669,11130,8539,1539,1256,1014,238,240,9456,24,727,114,5506,0,5178,60758,115183,243,106,195,968,251816,197.0818445
HARYANA,2009,24388247,75.86,44212,948,690,78,603,0,603,916,659,257,153,297,679,4077,12917,8449,4468,1166,827,1406,35,153,3977,281,451,605,2617,0,1549,21804,56229,97,8741,0,353,126894,230.5577765
HIMACHAL PRADESH,2009,6686472,75.68,55673,125,73,13,183,0,183,150,122,28,4,0,21,784,823,327,496,591,117,264,2,124,1230,1,318,37,284,0,616,7555,13315,13,5425,1,221,27786,199.1334145
JAMMU & KASHMIR,2009,12072669,75.92,222236,237,547,23,237,0,237,873,825,48,1,0,69,1566,2631,876,1755,1472,132,475,37,217,331,12,972,371,196,0,517,11059,21975,1,995,0,18,47691,182.0227159
JHARKHAND,2009,31711778,64.2,79714,1636,1274,104,719,0,719,827,517,310,412,53,780,1392,7716,2990,4726,2312,473,910,15,203,4132,295,276,83,710,6,1678,11430,37436,631,3141,182,60,84134,118.050776
KARNATAKA,2009,59535757,66.3,191791,1702,1607,79,509,0,509,892,408,484,273,346,1825,6629,20576,11093,9483,6269,461,5079,171,293,20105,264,2186,64,3185,2,417,61108,134042,2174,2715,272,308,290061,225.1453694
KERALA,2009,33015475,93.71,38863,343,408,100,568,0,568,256,173,83,112,266,830,3554,5564,2029,3535,8086,354,3394,66,503,18274,20,2540,395,4007,0,41,68688,118369,467,8031,102,587,243126,358.5258125
LAKSHADWEEP,2009,63613,92.69,32,0,1,0,1,0,1,0,0,0,3,0,0,1,10,5,5,44,0,0,0,2,14,0,0,0,0,0,0,58,134,0,11074,0,0,279,210.6487668
MADHYA PRADESH,2009,70154651,85.16,308245,2386,2212,117,2998,1,2997,1036,841,195,117,156,2270,10661,23260,10705,12555,2409,575,1830,27,741,37132,858,6307,728,3983,1,6591,101367,207762,3040,0,1135,4646,442818,296.1485761
MAHARASHTRA,2009,109133047,81.21,307713,2653,1880,98,1483,0,1483,1286,926,360,780,287,3314,15841,50930,18133,32797,8030,1895,7976,478,1105,28326,341,3196,1099,7681,0,12459,48460,199598,1096,16509,224,2894,452895,182.8941879
MANIPUR,2009,2479605,76.06,22327,131,478,2,31,0,31,159,97,62,1,188,3,68,394,283,111,48,20,96,1,81,224,0,39,2,25,0,0,861,2852,0,15293,0,72,6288,115.0183195
MEGHALAYA,2009,2825250,71.54,22429,128,39,12,112,0,112,56,26,30,64,1,67,147,545,180,365,18,26,113,9,54,207,0,72,1,24,1,72,680,2448,0,247,0,83,5609,86.64719936
MIZORAM,2009,1049290,90.84,21081,31,14,8,83,1,82,9,0,9,2,0,4,381,761,77,684,1,30,61,9,24,120,0,61,1,4,0,36,407,2047,0,267,0,14,4947,195.0842951
NAGALAND,2009,1974163,75.42,1483,46,35,7,22,0,22,52,10,42,8,0,92,82,347,69,278,4,6,33,3,4,38,0,11,0,0,0,34,235,1059,0,43,0,0,2539,53.64298693
ODISHA,2009,40811100,71.2,155707,1250,1231,48,1023,0,1023,930,799,131,380,63,1488,2937,7136,2521,4615,1718,258,1137,34,413,6816,384,2697,210,2047,1,2979,20560,55740,1709,39,552,194,120569,136.5804891
PUDUCHERRY,2009,1187136,84.84,479,37,25,5,1,0,1,18,13,5,7,5,9,71,711,502,209,141,7,47,5,11,901,0,53,16,10,0,233,2278,4591,29,7534,0,21,9912,386.729069
PUNJAB,2009,27010638,74.49,50362,853,1014,129,511,0,511,692,513,179,38,96,171,2507,5624,2713,2911,8,234,3098,63,101,5498,126,319,33,1061,0,3289,10080,35545,108,93,0,729,77917,131.5962992
RAJASTHAN,2009,66207168,65.01,342239,1395,1673,80,1519,0,1519,2870,2310,560,53,57,886,5294,22144,12156,9988,1145,842,15037,59,556,21652,436,2485,24,10371,0,7898,70089,166565,639183,2793,1183,1407,359663,251.5815206
SIKKIM,2009,594998,78.11,7096,19,7,3,18,0,18,6,6,0,0,0,4,93,62,8,54,39,4,12,2,9,91,0,10,0,6,0,59,225,669,16,18017,14,40,1424,112.4373527
TAMIL NADU,2009,70299525,78.87,130058,1776,2325,26,596,0,596,1372,1133,239,97,34,1144,4221,15712,4973,10739,2397,215,2557,352,580,18147,194,1242,501,1460,0,13528,106215,174691,1312,39,22,634,367062,248.4952779
TRIPURA,2009,3575563,78.59,10486,133,59,2,190,0,190,121,92,29,7,0,77,231,415,39,376,178,52,110,20,62,1047,29,384,5,815,0,225,1324,5486,7,5928,27,163,11698,153.4303829
UTTAR PRADESH,2009,193205303,64.86,240928,4534,4141,1439,1759,0,1759,6083,5078,1005,365,59,2285,5260,29226,16109,13117,4263,3917,8845,339,254,10934,2232,2782,2524,8566,0,12159,60918,172884,7522,1676,4,3085,382836,89.48201593
UTTARAKHAND,2009,9791658,76.9,53483,195,185,51,111,0,111,275,247,28,35,7,179,363,1601,735,866,466,156,544,43,17,1198,94,119,249,361,0,685,1868,8802,58,20030,0,33,19591,89.89284552
WEST BENGAL,2009,88903935,74.88,88752,2068,2119,931,2336,0,2336,2750,2187,563,214,724,751,329,17133,3709,13424,6700,918,3298,153,344,11196,506,1942,108,16112,5,3623,38776,113036,21,1069,16,484,248291,127.1439785
A & N ISLANDS,2010,378922,84.9,8249,9,7,4,24,0,24,10,8,2,1,0,7,80,121,22,99,11,10,56,0,12,80,0,31,10,9,0,9,489,980,0,28919,1,51,2115,258.6284248
ANDHRA PRADESH,2010,84095425,65.8,275045,2538,1953,155,1362,0,1362,2053,1531,522,134,2,550,8200,26756,7422,19334,2231,1130,9164,186,925,46777,588,4634,4562,12080,0,14085,41373,181438,4321,47,807,1823,393047,215.7525216
ARUNACHAL PRADESH,2010,1337083,63.3,83743,75,34,3,47,0,47,67,46,21,15,0,69,211,445,139,306,31,59,91,0,28,439,0,84,1,12,0,106,622,2439,0,25167,54,20,5437,182.4120118
ASSAM,2010,30748972,70.4,78438,1223,431,46,1721,5,1716,3250,2767,483,248,12,662,3458,7860,2124,5736,2183,992,1371,68,437,5744,175,1400,20,5410,0,2847,22110,61668,7,200,3,197,136167,200.5530461
BIHAR,2010,101847638,59.8,94163,3362,2915,344,795,0,795,3674,2569,1105,644,46,1538,3437,15544,4257,11287,8809,1071,3025,52,660,15328,1257,534,16,2271,8,5615,56508,127453,3516,13470,1843,1843,274919,125.1408501
CHANDIGARH,2010,1038935,84.5,114,21,30,9,31,0,31,38,28,10,5,6,67,236,1481,898,583,65,23,163,3,9,65,5,29,4,41,0,6,1036,3373,0,9836,0,59,8296,324.6593868
CHHATTISGARH,2010,25118870,68.49,135191,1065,756,30,1012,0,1012,359,279,80,122,15,552,3711,5805,2139,3666,1092,196,813,59,319,10188,115,1706,182,861,2,2907,23091,54958,271,241,386,1463,117092,218.7916893
D & N HAVELI,2010,327658,74.5,491,6,0,1,3,0,3,18,10,8,2,0,3,25,63,34,29,44,12,18,1,2,11,0,11,2,3,0,20,133,378,0,4208,2,13,840,115.3641907
DAMAN & DIU,2010,226816,86.19,112,6,0,1,3,0,3,18,10,8,2,0,3,25,63,34,29,44,12,18,1,2,11,0,11,2,3,0,20,133,378,0,14,0,2,840,166.6549097
DELHI,2010,16407145,85.76,16579,565,311,71,507,0,507,3208,1740,1468,32,31,599,1502,23088,14966,8122,53,273,1845,33,52,1925,143,601,80,1404,0,914,14055,51292,16,8,0,3630,129387,312.6198982
GOA,2010,1437449,85.74,3702,35,27,3,36,0,36,25,18,7,2,0,39,368,1034,359,675,64,57,117,33,23,177,1,36,16,17,0,256,927,3293,1,5920,0,79,7681,229.0863885
GUJARAT,2010,59496242,86.3,196024,1048,462,44,408,0,408,1447,1290,157,186,18,1384,4071,16794,9817,6977,1623,1214,1002,255,260,10131,19,668,110,5600,0,5907,63788,116439,195,160,155,1006,251527,195.7081592
HARYANA,2010,24827224,76.92,44212,1005,836,63,720,0,720,963,714,249,147,248,734,4445,16266,11299,4967,1414,919,1662,29,221,3733,284,476,580,2720,0,1595,20060,59120,107,9517,0,303,136189,238.1256962
HIMACHAL PRADESH,2010,6766709,75.58,55673,132,74,12,160,0,160,194,162,32,2,0,11,743,838,334,504,615,110,318,4,127,1374,2,350,78,275,0,610,7020,13049,5,5922,2,246,27290,192.8411581
JAMMU & KASHMIR,2010,12338267,78.95,222236,217,711,26,245,0,245,896,840,56,6,0,61,1406,2510,967,1543,2169,150,422,19,224,278,9,1038,262,211,0,494,11869,23223,1,906,0,17,50097,188.2193018
JHARKHAND,2010,32346013,65.67,79714,1689,1028,82,773,0,773,978,696,282,335,19,709,1357,7090,2709,4381,2447,505,988,16,185,4271,276,245,16,650,8,1745,13477,38889,577,3322,234,54,86619,120.2281097
KARNATAKA,2010,60428792,66.33,191791,1805,1850,94,586,0,586,1374,586,788,272,300,1949,6059,20093,10840,9253,7710,464,5543,192,286,21835,248,2544,83,3441,0,471,65123,142322,2505,3458,294,409,306697,235.5201805
KERALA,2010,33180552,94.08,38863,363,361,86,634,0,634,261,184,77,74,221,636,2682,4380,1486,2894,8724,343,3581,54,374,18532,22,2936,537,4797,0,47,98668,148313,583,8703,88,596,301901,446.9877415
LAKSHADWEEP,2010,63993,93.47,32,0,0,0,0,0,0,0,0,0,0,0,0,5,5,0,5,3,0,0,0,2,1,0,0,0,0,0,0,26,42,0,10714,0,0,89,65.63217852
MADHYA PRADESH,2010,71487588,88.31,308245,2423,2277,123,3135,0,3135,1187,1030,157,110,110,1919,9897,21577,11353,10224,2606,507,1779,33,748,39193,892,6646,918,3756,5,7038,107390,214269,3374,2,1384,4912,454437,299.7289543
MAHARASHTRA,2010,110770042,81.77,307713,2744,1926,152,1599,0,1599,1508,1124,384,778,285,3721,16617,52565,18676,33889,8412,1948,8684,389,1229,29696,393,3661,1180,7434,0,13508,49739,208168,1132,16718,292,3264,472008,187.9280681
MANIPUR,2010,2521758,76.79,22327,92,258,1,34,0,34,199,107,92,0,196,2,66,417,254,163,65,24,59,7,86,227,0,31,0,18,0,1,932,2715,0,15952,0,73,6080,107.6629875
MEGHALAYA,2010,2895881,72.75,22429,134,60,8,149,0,149,71,37,34,42,1,67,166,664,152,512,7,37,98,4,52,154,0,48,0,24,0,53,666,2505,0,289,0,110,5894,86.50217326
MIZORAM,2010,1071324,91.1,21081,48,27,7,92,0,92,9,0,9,3,0,16,425,823,69,754,0,25,79,12,15,116,0,75,0,3,0,44,355,2174,0,248,0,50,5272,202.9264723
NAGALAND,2010,1972187,76.77,1483,45,35,13,16,0,16,50,6,44,3,0,63,62,397,80,317,2,13,39,3,1,36,0,13,3,1,0,22,242,1059,0,39,0,10,2581,53.69673363
ODISHA,2010,41341643,72.3,155707,1308,1436,31,1025,0,1025,1016,912,104,346,117,1491,2855,7572,2627,4945,1779,322,1108,29,430,7181,388,2905,232,2067,5,3450,19366,56459,1710,36,556,194,122531,136.5668994
PUDUCHERRY,2010,1216813,85.3,479,33,19,16,3,0,3,17,14,3,2,10,5,72,534,384,150,131,12,77,3,10,806,1,46,22,7,0,242,1867,3935,31,,0,16,8424,323.3857626
PUNJAB,2010,27361776,75.12,50362,907,994,120,546,0,546,789,576,213,65,143,241,2661,5446,2467,2979,0,243,3527,75,101,4873,121,349,38,1163,0,3350,10896,36648,115,,0,627,80077,133.9386742
RAJASTHAN,2010,67531310,65.61,342239,1421,1557,104,1571,0,1571,2985,2477,508,37,84,872,4714,22324,13245,9079,986,789,16584,36,478,19247,462,2339,23,11145,0,7978,67221,162957,624166,,1319,1318,352794,241.3058476
SIKKIM,2010,602137,79.65,7096,17,6,2,18,0,18,6,6,0,1,0,7,72,53,8,45,4,1,20,3,7,73,1,11,0,3,0,47,200,552,3,,1,29,1181,91.67348959
TAMIL NADU,2010,71354017,79.57,130058,1875,2641,32,686,0,686,1720,1464,256,85,12,1817,4715,14583,5045,9538,2664,177,3259,312,636,21309,165,1405,638,1570,0,14644,110733,185678,1631,,33,810,388345,260.2208086
TRIPURA,2010,3625620,79.29,10486,150,63,8,238,0,238,114,91,23,16,2,65,221,457,64,393,163,53,122,6,51,1136,25,376,9,937,0,237,1356,5805,11,,35,227,12419,160.1105466
UTTAR PRADESH,2010,196876202,66.02,240928,4401,4004,1401,1563,1,1562,6321,5468,853,337,48,2577,4915,31153,18216,12937,4186,3817,9553,426,170,10336,2217,2793,11,7978,0,14472,61500,174179,6272,,0,2332,387395,88.47133286
UTTARAKHAND,2010,9967907,77.59,53483,176,219,60,121,0,121,286,249,37,12,2,162,310,2138,871,1267,458,167,567,33,17,974,75,125,165,334,0,738,2101,9240,35,,0,31,21025,92.69749407
WEST BENGAL,2010,90059685,75.7,88752,2398,2111,630,2311,0,2311,3345,2764,581,288,687,798,388,19389,4123,15266,6809,1011,3260,214,331,12764,507,2465,163,17796,8,2847,49096,129616,63,,47,880,284277,143.9223333
A & N ISLANDS,2011,380581,86.63,8249,14,6,2,13,0,13,15,12,3,1,0,1,99,88,4,84,11,3,32,0,6,81,0,15,3,5,0,6,392,793,0,48,7,31,1702,208.3656304
ANDHRA PRADESH,2011,84580777,67.02,275045,2808,2229,171,1442,0,1442,2154,1612,542,126,7,600,8300,28267,8966,19301,2210,1174,9748,224,1021,54452,599,4849,3658,13376,0,13973,38392,189780,4016,25536,805,2213,411423,224.3772246
ARUNACHAL PRADESH,2011,1382611,65.38,83743,65,29,2,42,0,42,93,60,33,13,0,64,183,414,152,262,49,54,74,2,34,379,0,51,0,18,0,98,622,2286,0,171,34,35,5121,165.3393471
ASSAM,2011,31169272,72.19,78438,1303,504,48,1700,0,1700,3764,3192,572,305,4,837,3327,8309,585,7724,2328,920,1495,60,506,6306,121,1193,8,5246,2,2915,25513,66714,0,11462,2,236,147201,214.0377228
BIHAR,2011,103804637,61.8,94163,3198,3327,348,934,1,933,4268,3050,1218,556,105,1381,3629,16292,5041,11251,9768,1741,3776,64,705,19391,1413,790,11,2607,10,5877,55705,135896,3623,8815,2233,2233,293286,130.9151536
CHANDIGARH,2011,1054686,86.05,114,24,40,6,27,0,27,58,46,12,6,2,68,285,1502,915,587,66,25,255,0,9,45,2,21,12,46,0,7,1036,3542,1,154,0,74,8671,335.8345517
CHHATTISGARH,2011,25540196,70.28,135191,1110,747,28,1053,0,1053,472,365,107,68,7,470,3548,5315,2292,3023,934,180,980,65,289,11105,104,1654,174,834,2,2856,25223,57218,253,4186,336,1782,121276,224.0311703
D & N HAVELI,2011,342853,76.24,491,14,2,0,4,0,4,9,8,1,7,0,2,22,69,43,26,20,10,18,2,5,25,0,2,0,3,0,24,134,372,1,17,2,11,826,108.5013111
DAMAN & DIU,2011,242911,87.1,112,14,2,0,4,0,4,9,8,1,7,0,2,22,69,43,26,20,10,18,2,5,25,0,2,0,3,0,24,134,372,0,5,0,3,826,153.142509
DELHI,2011,16753235,86.21,16579,543,386,71,572,0,572,3767,2085,1682,33,25,562,1419,22899,14668,8231,50,337,2590,44,42,1946,142,657,162,1575,0,1168,14363,53353,28,5193,0,4250,133944,318.4638668
GOA,2011,1457723,86.21,3702,48,22,6,29,0,29,28,17,11,2,0,26,318,1115,463,652,74,45,142,31,24,215,1,29,12,18,0,263,1001,3449,4,106,1,75,8070,236.6018784
GUJARAT,2011,60383628,88.7,196024,1126,478,43,439,0,439,1614,1442,172,221,24,1368,4509,16043,8934,7109,1615,1339,1399,256,263,10159,30,685,93,6052,0,5827,69788,123371,217,8741,153,1131,264838,204.3120032
HARYANA,2011,25353081,78.03,44212,1062,851,60,733,0,733,959,733,226,167,176,638,5011,17425,12541,4884,1466,812,1761,18,166,3423,255,474,490,2740,0,1505,20549,60741,89,5425,0,280,140599,239.5803492
HIMACHAL PRADESH,2011,6856509,75.55,55673,130,50,6,168,0,168,212,191,21,1,0,10,995,1042,356,686,530,143,359,4,110,1251,4,331,62,239,0,563,8102,14312,4,995,4,261,30046,208.7359617
JAMMU & KASHMIR,2011,12548926,82.8,222236,169,494,29,277,0,277,1077,1023,54,14,0,88,1516,2655,930,1725,1405,195,612,39,205,246,11,1194,350,286,0,385,13257,24504,1,3141,0,25,53017,195.2677066
JHARKHAND,2011,32966238,67.16,79714,1747,718,83,784,0,784,941,660,281,309,40,614,1235,6378,1872,4506,2133,447,907,22,138,4403,282,317,7,659,6,1728,11940,35838,636,2715,309,85,79779,108.7112215
KARNATAKA,2011,61130704,66.41,191791,1820,1837,85,636,0,636,1395,715,680,214,399,2123,6136,19834,10226,9608,7265,440,5850,105,231,21295,267,2608,81,3712,12,750,60505,137600,2481,8031,285,334,297065,225.0914696
KERALA,2011,33387677,94,38863,365,521,105,1132,0,1132,299,221,78,71,245,741,3001,4704,1454,3250,10754,340,5155,56,450,21747,15,3756,573,5377,0,65,112665,172137,761,11074,231,1452,350409,515.5704603
LAKSHADWEEP,2011,64429,94,32,0,1,0,0,0,0,0,0,0,0,0,0,0,4,0,4,5,1,0,0,3,3,0,0,0,0,0,0,27,44,0,0,0,0,92,68.29222865
MADHYA PRADESH,2011,72597565,91.85,308245,2511,2340,139,3406,0,3406,1288,1088,200,118,117,1952,10230,22414,11595,10819,2080,557,1860,12,784,35711,811,6665,762,3732,45,7478,112082,217094,3245,16509,1284,4381,461296,299.0375779
MAHARASHTRA,2011,112372972,82.34,307713,2818,2105,144,1701,0,1701,1669,1252,417,773,291,4249,16313,53449,19270,34179,8556,1883,9098,351,1255,29769,339,3794,1071,7136,0,13024,45114,204902,1143,15293,321,3362,466623,182.3409992
MANIPUR,2011,2721756,76.94,22327,78,245,4,53,0,53,169,116,53,1,154,7,52,719,553,166,70,42,126,12,99,292,1,38,0,39,0,2,1015,3218,0,247,1,87,7377,118.232494
MEGHALAYA,2011,2964007,74.43,22429,170,51,3,130,0,130,87,37,50,49,0,63,145,696,190,506,8,52,166,13,34,197,1,74,1,21,3,90,701,2755,0,267,0,104,6423,92.94849843
MIZORAM,2011,1091014,91.33,21081,26,24,8,77,0,77,6,0,6,1,0,6,336,734,39,695,0,21,66,2,19,97,0,72,1,9,0,37,279,1821,0,159,0,52,4459,166.9089489
NAGALAND,2011,1980602,79.55,1483,46,43,11,23,0,23,34,3,31,7,0,59,73,360,85,275,1,16,31,5,2,55,0,9,0,1,0,15,292,1083,0,36,0,20,2583,54.68034466
ODISHA,2011,41947358,72.87,155707,1477,1621,51,1112,0,1112,1139,1008,131,417,84,1583,3031,8724,2986,5738,1556,250,1391,10,423,7894,465,3207,235,2320,0,3778,20509,61277,1455,8347,484,315,133529,146.0807138
PUDUCHERRY,2011,1244464,85.85,479,32,22,12,7,0,7,12,9,3,5,10,11,65,707,511,196,125,9,54,4,10,853,1,35,16,10,0,243,2119,4362,18,78,0,15,9450,350.5123491
PUNJAB,2011,27704236,75.84,50362,842,997,112,479,0,479,681,517,164,28,143,236,2488,4784,2107,2677,0,281,3571,58,83,4757,143,282,31,1136,0,3576,10175,34883,90,2588,0,622,75710,125.9121529
RAJASTHAN,2011,68621012,66.11,342239,1461,1566,100,1800,0,1800,3204,2713,491,28,72,727,4510,21099,12566,8533,751,741,17497,56,473,17977,514,2447,9,12218,0,8122,70250,165622,634506,19701,1263,1491,357347,241.3575597
SIKKIM,2011,607688,81.42,7096,14,7,8,16,0,16,10,10,0,0,0,5,60,72,8,64,25,4,31,3,4,75,0,24,0,4,0,57,177,596,9,54,8,29,1290,98.07664459
TAMIL NADU,2011,72138958,80.33,130058,1877,2962,28,677,0,677,1984,1743,241,101,11,2066,4848,13924,4911,9013,3009,238,3872,275,706,21167,152,1467,464,1812,0,16076,115163,192879,1391,6315,23,925,402343,267.3714805
TRIPURA,2011,3671032,80.09,10486,163,75,0,205,0,205,154,116,38,11,0,50,227,494,59,435,175,54,99,9,58,1340,30,294,9,702,0,14,1640,5803,22,1356,30,102,12459,158.0754404
UTTAR PRADESH,2011,199581477,67.68,240928,4951,4653,1454,2042,0,2042,8500,7525,975,379,39,3148,5765,36683,21363,15320,5022,3721,9941,270,477,12234,2322,3455,3,7121,0,14380,68575,195135,7702,22468,35,5500,437495,97.77209936
UTTARAKHAND,2011,10116752,78.82,53483,178,189,54,129,0,129,314,283,31,13,1,179,342,2093,840,1253,401,115,519,26,17,852,83,116,72,307,0,696,2078,8774,32,990,0,83,20084,86.72743979
WEST BENGAL,2011,91347736,76.26,88752,2109,2242,486,2363,0,2363,4285,3711,574,236,939,760,455,21446,4642,16804,6019,1264,4171,207,413,13094,510,2363,200,19772,0,3249,56614,143197,59,28919,41,1450,314488,156.7603164
A & N ISLANDS,2012,382095,88.36,8249,15,3,0,12,0,12,8,7,1,5,0,2,71,71,0,71,8,5,31,1,4,62,2,17,4,5,0,6,351,683,0,47,4,28,1457,178.7513576
ANDHRA PRADESH,2012,85467892,67.6,275045,2717,2183,158,1341,0,1341,1870,1403,467,131,1,668,8442,27475,8036,19439,1878,1271,11002,260,980,56768,504,4816,3714,13389,0,13929,39025,192522,3057,25167,666,2274,415730,225.2565209
ARUNACHAL PRADESH,2012,1407014,66.3,83743,73,29,1,46,0,46,82,58,24,20,0,65,215,402,95,307,28,55,85,1,33,438,1,67,2,26,0,94,657,2420,0,200,10,39,5370,171.9954457
ASSAM,2012,31209792,72.59,78438,1368,670,54,1716,0,1716,3812,3360,452,266,7,907,3825,9394,2720,6674,5077,1278,1705,61,2830,6676,140,1840,5,6407,2,2565,27077,77682,4,13470,0,392,170286,248.9026521
BIHAR,2012,103993664,62.4,94163,3566,5452,285,927,0,927,4807,3789,1018,540,54,1266,3758,17667,6404,11263,10871,1650,3933,40,799,45827,1275,118,37,3686,4,4631,35421,146614,4821,9836,2894,2894,316629,140.9835892
CHANDIGARH,2012,1056267,86.9,114,21,44,5,27,0,27,87,66,21,3,9,63,235,1549,894,655,49,34,234,2,9,42,5,45,25,73,0,3,1042,3606,2,241,0,96,8875,341.3909551
CHHATTISGARH,2012,25618850,71.5,135191,998,593,26,1034,0,1034,450,350,100,64,4,412,3334,5341,2358,2983,910,170,925,53,330,10855,81,1601,162,980,0,2888,23387,54598,262,4208,344,1881,116021,213.1165138
D & N HAVELI,2012,344303,78.39,491,7,2,0,3,0,3,13,9,4,2,0,2,22,68,36,32,11,10,4,0,12,25,0,2,0,0,0,23,112,318,0,14,4,8,720,92.36050804
DAMAN & DIU,2012,243608,87.18,112,3,5,0,5,0,5,3,0,3,1,0,3,26,55,42,13,9,6,8,0,11,17,0,0,0,3,0,38,46,239,0,8,0,8,541,98.1084365
DELHI,2012,17117244,86.81,16579,521,439,82,706,0,706,3970,2160,1810,28,13,608,1715,22032,14391,7641,79,341,2491,61,79,1747,134,727,208,1985,0,913,15408,54287,44,5920,0,4462,135282,317.1480175
GOA,2012,1464303,86.65,3702,45,35,3,55,0,55,24,16,8,6,0,25,356,915,300,615,122,64,205,16,34,266,0,49,16,24,0,233,1115,3608,10,160,1,122,8210,246.3970913
GUJARAT,2012,60650119,89.3,196024,1126,557,43,473,0,473,1720,1527,193,287,19,1366,4695,15952,9057,6895,1758,1240,1361,216,282,10234,21,745,93,6658,0,5573,75702,130121,288,9517,221,1327,278387,214.5436846
HARYANA,2012,25398397,80.7,44212,991,910,68,668,0,668,1349,900,449,204,176,711,5129,17590,12979,4611,1424,740,1798,20,191,3277,258,525,434,3137,0,1484,21396,62480,55,5922,0,1015,144567,245.9997771
HIMACHAL PRADESH,2012,6864044,75.48,55673,113,53,9,183,0,183,172,152,20,1,0,10,928,769,265,504,494,137,373,1,131,1173,2,250,68,251,0,562,6877,12557,1,906,3,266,26238,182.938804
JAMMU & KASHMIR,2012,12569312,83.5,222236,124,511,16,303,0,303,1093,1041,52,6,0,81,1395,2022,557,1465,1400,163,612,17,190,322,8,1322,347,301,0,371,14004,24608,2,3322,0,40,52634,195.7784165
JHARKHAND,2012,42523879,69.2,79714,1694,842,92,812,0,812,1056,786,270,284,33,494,1216,6680,2215,4465,2331,639,1566,14,136,4785,302,284,10,1261,3,1594,14818,40946,696,3458,287,113,90440,96.28942835
KARNATAKA,2012,61290592,66.55,191791,1860,1923,71,621,0,621,1451,1070,381,211,536,2207,5792,18418,8886,9532,7502,401,5822,84,416,20350,218,2978,100,3684,32,876,58468,134021,2605,8703,374,875,288532,218.6648809
KERALA,2012,33564882,94.5,38863,374,497,107,1019,0,1019,281,214,67,72,289,725,2710,4078,1262,2816,10938,301,4681,68,568,21170,32,3735,498,5216,0,48,101582,158989,810,10714,124,1324,323356,473.6766243
LAKSHADWEEP,2012,64807,94.2,32,0,0,0,0,0,0,0,0,0,0,0,0,3,7,1,6,10,0,0,0,3,3,0,1,0,1,0,0,32,60,0,2,0,0,127,92.58259139
MADHYA PRADESH,2012,72789121,93.1,308245,2373,2332,114,3425,0,3425,1302,1127,175,107,127,1940,10019,23182,12279,10903,1951,576,2021,31,814,35549,743,6655,774,3988,6,7721,114585,220335,2875,16718,1218,5168,468579,302.703202
MAHARASHTRA,2012,113898552,82.88,307713,2712,2168,171,1839,0,1839,1583,1140,443,793,322,6949,15648,47476,17855,29621,8860,1900,9398,291,1246,28392,329,3935,1294,7415,0,13311,46668,202700,1091,15952,308,3456,456298,177.965388
MANIPUR,2012,2768483,77.06,22327,83,409,4,63,0,63,223,133,90,8,171,3,53,903,736,167,72,67,136,2,74,285,0,49,1,43,0,2,1086,3737,0,289,2,104,8663,134.9836716
MEGHALAYA,2012,3031103,74.84,22429,137,63,8,164,0,164,92,24,68,52,1,46,145,543,152,391,0,44,108,13,61,157,1,43,0,16,0,102,761,2557,0,248,0,91,5913,84.35873014
MIZORAM,2012,1110132,91.66,21081,30,21,7,103,0,103,8,3,5,2,0,4,347,605,24,581,1,12,42,6,12,103,0,85,0,8,0,34,336,1766,0,199,0,95,4248,159.0801815
NAGALAND,2012,2047069,80.48,1483,75,42,6,21,0,21,27,10,17,1,0,54,65,381,65,316,3,22,39,4,7,30,0,16,0,0,0,31,266,1090,0,47,0,13,2609,53.24686173
ODISHA,2012,42526879,73.15,155707,1548,1879,54,1458,0,1458,1542,1364,178,402,99,1613,3430,9630,3210,6420,2205,317,1607,19,469,8223,525,4187,304,2638,0,3605,22203,67957,2265,10476,688,418,148544,159.7977599
PUDUCHERRY,2012,1271845,86.1,479,29,27,12,13,0,13,19,16,3,5,15,16,77,658,462,196,126,9,90,6,21,818,0,9,2,6,0,263,2060,4281,24,46,0,32,9252,336.59762
PUNJAB,2012,28008981,76.11,50362,855,1045,104,680,1,679,919,689,230,48,184,213,2828,5272,2011,3261,1,289,3451,49,74,4186,118,340,31,1293,0,3405,10405,35790,71,3151,0,877,78451,127.780443
RAJASTHAN,2012,69819785,66.76,342239,1461,1538,98,2049,0,2049,3243,2697,546,31,74,807,4610,23314,14107,9207,573,682,19646,49,475,17614,478,2352,18,13312,0,8284,70240,170948,653748,20906,1351,1807,370502,244.8417737
SIKKIM,2012,615688,81.42,7096,7,7,0,34,0,34,10,10,0,0,0,6,65,117,17,100,22,3,31,1,20,91,1,19,0,4,0,32,58,528,5,68,4,30,1217,85.75772144
TAMIL NADU,2012,72867204,80.88,130058,1949,2954,44,737,0,737,1945,1693,252,97,19,1898,4457,11996,3915,8081,3136,262,4151,377,726,22100,110,1494,382,1965,0,15499,124176,200474,1647,6381,27,1036,415626,275.1223994
TRIPURA,2012,3717661,80.89,10486,124,79,2,229,0,229,139,114,25,7,0,60,239,565,140,425,128,47,105,9,59,1504,37,314,7,858,0,10,1742,6264,76,1559,29,20,13461,168.493039
UTTAR PRADESH,2012,202226609,67.98,240928,4966,4811,1410,1963,0,1963,8878,7910,968,322,68,3159,6187,37376,22773,14603,5676,3638,10713,205,327,12290,2244,3247,8,7661,0,14406,68538,198093,6202,23033,44,6033,444403,97.95595198
UTTARAKHAND,2012,10260421,79.22,53483,217,161,44,148,0,148,297,256,41,29,3,144,391,1913,949,964,369,137,529,22,17,1022,71,139,73,368,0,670,2118,8882,33,1055,3,122,20122,86.56564872
WEST BENGAL,2012,92575564,76.88,88752,2252,2854,522,2046,0,2046,5117,4168,949,279,875,816,464,22991,5158,17833,6611,1391,5300,352,396,15923,593,3345,556,19865,12,4385,64482,161427,85,30585,91,1706,353008,174.3732288
